run_id,model,n_points,converged,Tg_K,Tg_SE_K,rho_Tg_g_cm3,slope_low_g_cm3_K,slope_high_g_cm3_K,width_K,width_SE_K,rmse_g_cm3,r2,aic,message
1,hyperbola,31,True,522.078654,47.287906,1.231024828,-0.000181954866,-0.000633980926,120.000000,80.633094,0.004437670,0.993679753,-325.892795,ok
1,sigmoid,31,True,513.737680,68.667558,1.206276625,-0.000224974990,-0.000575762253,120.000000,63.761492,0.004332598,0.993975504,-327.378456,ok
2,hyperbola,31,True,458.864042,18.425255,1.211042646,-0.000196242342,-0.000647580194,120.000000,48.977397,0.002910025,0.998152055,-352.054805,ok
2,sigmoid,31,True,467.123492,25.463470,1.179826211,-0.000248692995,-0.000613545500,120.000000,33.407022,0.002776677,0.998317533,-354.963018,ok
3,hyperbola,31,True,578.258954,72.220376,1.151007549,-0.000239664867,-0.000552258965,120.000000,76.672878,0.002602418,0.997637822,-358.981475,ok
3,sigmoid,31,True,567.869625,126.311108,1.135581517,-0.000269267637,-0.000502099052,120.000000,85.624236,0.002740907,0.997379724,-355.766917,ok
4,hyperbola,31,True,517.128059,38.193500,1.218667566,-0.000204068172,-0.000665709583,120.000000,67.660362,0.003834090,0.996031942,-334.957030,ok
4,sigmoid,31,True,506.966095,54.475441,1.194254277,-0.000247151304,-0.000603105572,120.000000,52.983112,0.003764398,0.996174886,-336.094376,ok
5,hyperbola,31,True,437.576278,18.221204,1.243446652,-0.000267738301,-0.000734880520,120.000000,54.130446,0.003374909,0.998419094,-342.865996,ok
5,sigmoid,31,True,433.343855,21.186208,1.216700484,-0.000312987657,-0.000682914595,120.000000,35.802942,0.003206711,0.998572745,-346.035594,ok
6,hyperbola,31,True,449.759569,19.940420,1.109434156,-0.000273644039,-0.000844850289,120.000000,55.804376,0.004224181,0.997888456,-328.949658,ok
6,sigmoid,31,True,444.448641,24.301326,1.077045972,-0.000328547923,-0.000779470485,120.000000,38.012882,0.004087124,0.998023254,-330.994645,ok
7,hyperbola,31,True,428.013900,7.640990,1.115738681,-0.000266259479,-0.000751784770,75.227711,21.869316,0.002303997,0.999309209,-366.532809,ok
7,sigmoid,31,True,424.736385,7.695055,1.098503823,-0.000311697641,-0.000698289852,77.244744,11.879871,0.002399865,0.999250526,-364.005257,ok
8,hyperbola,31,True,427.646910,18.333274,1.119846078,-0.000282955311,-0.000780486231,120.000000,56.627070,0.003776499,0.998306055,-335.895397,ok
8,sigmoid,31,True,428.950657,22.968775,1.088176763,-0.000337403784,-0.000728117385,119.967371,39.878527,0.003792986,0.998291233,-335.625314,ok
9,hyperbola,31,True,474.602376,14.417882,1.163833781,-0.000224601898,-0.000779655013,72.262531,35.099622,0.004242763,0.996919544,-328.677523,ok
9,sigmoid,31,True,472.049353,17.422888,1.143825179,-0.000271578539,-0.000726035533,83.501563,22.370237,0.004342268,0.996773357,-327.240220,ok
10,hyperbola,31,True,407.291576,12.217026,1.151114000,-0.000220251731,-0.000774647738,120.000000,39.491336,0.002948627,0.998913932,-351.237760,ok
10,sigmoid,31,True,407.715910,14.310254,1.116525354,-0.000279282985,-0.000716454930,119.592720,27.032290,0.002937144,0.998922375,-351.479686,ok
11,hyperbola,31,True,355.163676,17.969809,1.148639034,-0.000303411046,-0.000691807872,120.000000,51.589848,0.002663638,0.999230238,-357.539870,ok
11,sigmoid,31,True,346.641308,23.073733,1.129087896,-0.000336492092,-0.000643844908,115.236388,33.395818,0.002632907,0.999247897,-358.259331,ok
12,hyperbola,31,True,324.168510,19.105544,1.083387892,-0.000414625624,-0.000728519510,55.882980,47.029270,0.003811645,0.998849240,-335.321054,ok
12,sigmoid,31,True,322.940300,18.672609,1.075085869,-0.000438910311,-0.000703755512,65.156858,25.714917,0.003690373,0.998921301,-337.325718,ok
13,hyperbola,31,True,410.255533,28.994563,1.220095195,-0.000270877621,-0.000542052756,120.000000,93.403354,0.003410049,0.997778710,-342.223782,ok
13,sigmoid,31,True,421.352041,36.204940,1.198388595,-0.000307333317,-0.000516275514,119.394466,65.293801,0.003379907,0.997817804,-342.774231,ok
14,hyperbola,31,True,358.182568,29.105725,1.223945323,-0.000424720886,-0.000822650730,120.000000,84.801339,0.004493696,0.998555265,-325.114945,ok
14,sigmoid,31,True,355.084359,36.741988,1.201388602,-0.000461164202,-0.000779523313,120.000000,57.274805,0.004344545,0.998649578,-327.207718,ok
15,hyperbola,31,True,408.734380,7.668975,1.092300596,-0.000243905790,-0.000760488627,79.285662,22.712246,0.002448599,0.999262870,-362.758837,ok
15,sigmoid,31,True,406.965502,7.674071,1.071968821,-0.000294766945,-0.000705429307,81.445964,12.265924,0.002497887,0.999232896,-361.523233,ok
16,hyperbola,31,True,500.868138,44.387433,1.071800920,-0.000261120066,-0.000616148661,120.000000,88.846105,0.003967401,0.996499114,-332.837924,ok
16,sigmoid,31,True,501.978894,67.612230,1.049420936,-0.000298733874,-0.000582799117,120.000000,68.108813,0.003942024,0.996543757,-333.235781,ok
17,hyperbola,31,True,443.721572,29.776924,1.211842052,-0.000386192867,-0.000824046473,120.000000,85.961109,0.005006710,0.997617367,-318.412532,ok
17,sigmoid,31,True,438.434129,36.889912,1.187918994,-0.000428356873,-0.000773666490,120.000000,60.249190,0.005004772,0.997619211,-318.436526,ok
18,hyperbola,31,True,384.964348,25.357100,1.131341832,-0.000329708429,-0.000764037552,120.000000,81.042028,0.004735099,0.997813534,-321.870658,ok
18,sigmoid,31,True,397.948098,28.289251,1.097366639,-0.000385802391,-0.000730268407,120.000000,53.908751,0.004584100,0.997950761,-323.880019,ok
19,hyperbola,31,True,549.642170,43.258946,1.246266001,-0.000179176868,-0.000771615142,120.000000,59.096274,0.004048311,0.995083341,-331.586241,ok
19,sigmoid,31,True,544.332330,70.591161,1.212004839,-0.000237769010,-0.000698642041,120.000000,54.196970,0.004088290,0.994985753,-330.976968,ok
20,hyperbola,31,True,543.493431,30.160173,1.259224804,-0.000257067568,-0.000906700154,120.000000,43.354544,0.003297223,0.998066044,-344.309823,ok
20,sigmoid,31,True,548.653679,54.170321,1.216356442,-0.000327924042,-0.000858215048,120.000000,40.591775,0.003423379,0.997915222,-341.981888,ok
21,hyperbola,31,True,549.658411,42.881971,1.060742018,-0.000207696065,-0.000818372290,101.237315,60.798245,0.005276109,0.992879437,-315.163114,ok
21,sigmoid,31,True,575.602131,108.086480,1.015224774,-0.000276767872,-0.000859028424,120.000000,70.630833,0.005283300,0.992860015,-315.078672,ok
