source_row,sample_id,smiles,is_valid,is_unique,in_training_set,pred_model1,pred_model2,pred_mean,pred_min,pred_max,pred_delta_abs,model1_name,model2_name
2763,3048,[*]/N=C/c1ccc2c(c1)c1cc(C(C)(C)C)c(Oc3cccc(C([*])=O)c3)cc12,True,True,False,546.3377685546875,535.4336547851562,540.8857116699219,535.4336547851562,546.3377685546875,10.90411376953125,multimodal,graph
2502,2753,[*]c1ccc(S2=NC(=O)c3ccc(-c4cc(C)c([*])cc4C3=S)cc2)cc1,True,True,False,537.1478881835938,542.859619140625,540.0037536621094,537.1478881835938,542.859619140625,5.71173095703125,multimodal,graph
326,352,[*]/C=C/c1ccc(C(=O)Nc2ccc(C)cc2)c(NC(=O)c2ccc(O[*])cc2)c1C,True,True,False,506.6568603515625,559.6415405273438,533.1492004394531,506.6568603515625,559.6415405273438,52.98468017578125,multimodal,graph
3436,3790,[*]/C=C/c1c(F)c([*])c(N=O)c(-c2ccccc2)c1-c1ccc(F)c(F)c1Br,True,True,False,560.3009643554688,505.6488037109375,532.9748840332031,505.6488037109375,560.3009643554688,54.65216064453125,multimodal,graph
1681,1852,[*]C#Cc1ccc(N2C=CC(=Cc3ccc(N4C(=O)c5ccc(C([*])=O)cc5C4=O)cc3)CCC2)cc1-c1ccccc1,True,True,False,532.1953125,529.412841796875,530.8040771484375,529.412841796875,532.1953125,2.782470703125,multimodal,graph
2717,2997,[*]Cc1ccc(C(=O)NNC(=O)c2ccc(S[*])cc2)c(OC)c1,True,True,False,522.6183471679688,536.51123046875,529.5647888183594,522.6183471679688,536.51123046875,13.89288330078125,multimodal,graph
2331,2573,[*]NC(=O)c1cccc([Se]C(=O)c2ccc(C([*])=O)cc2)c1Sc1ccccc1,True,True,False,533.7364501953125,523.0957641601562,528.4161071777344,523.0957641601562,533.7364501953125,10.64068603515625,multimodal,graph
3531,3897,[*]C=CC(=O)Nc1ccc(-c2ccccc2)c(C([*])=O)c2ccc(-c3ccccc3)cc2c1,True,True,False,520.1049194335938,533.4096069335938,526.7572631835938,520.1049194335938,533.4096069335938,13.3046875,multimodal,graph
1353,1489,[*]Nc1ccc(-c2ccc(Cc3ccc(NC([*])=O)cc3)c(-c3ccccc3)c2)cc1,True,True,False,534.1943359375,517.8863525390625,526.0403442382812,517.8863525390625,534.1943359375,16.3079833984375,multimodal,graph
2255,2485,[*]c1ccc(Oc2ccc(-c3ccc(C([*])=O)cc3S(=O)(=O)c3ccc(OC)cc3)cc2)cc1,True,True,False,525.8236083984375,521.6800537109375,523.7518310546875,521.6800537109375,525.8236083984375,4.1435546875,multimodal,graph
3049,3365,[*]Cc1ccc(NC(=O)c2cccc(C(=O)Nc3ccc(C#C)cc3)c2)cc1C(C)(C)C([*])=O,True,True,False,508.59893798828125,535.0112915039062,521.8051147460938,508.59893798828125,535.0112915039062,26.412353515625,multimodal,graph
3463,3820,[*]NC(=O)c1cccc(C(=O)Nc2ccc(Cc3ccc(S(=O)(=O)c4ccc([*])nc4)cc3)cc2C)c1,True,True,False,524.5415649414062,517.8098754882812,521.1757202148438,517.8098754882812,524.5415649414062,6.731689453125,multimodal,graph
3794,4185,[*]Nc1c(C)cc(/C=N/NC(=O)c2ccc(-c3ccc(N4C(=O)c5ccc([*])cc5C4=O)cc3)cc2)cc1COCC(F)(F)F,True,True,False,531.8070678710938,505.05938720703125,518.4332275390625,505.05938720703125,531.8070678710938,26.7476806640625,multimodal,graph
1756,1931,[*]Oc1ccc(C2([*])CC(C(C)(O)c3ccccc3)S(=O)(=O)Oc3ccc([2H])cc32)cc1,True,True,False,522.2366333007812,503.5982666015625,512.9174499511719,503.5982666015625,522.2366333007812,18.63836669921875,multimodal,graph
525,568,[*]Oc1ccc(NC(=O)c2ccc(C(=O)Oc3ccc(S(=O)(=O)c4ccc([*])cc4)cc3)cc2)cc1F,True,True,False,524.8563232421875,500.40081787109375,512.6285705566406,500.40081787109375,524.8563232421875,24.45550537109375,multimodal,graph
3802,4193,[*]Nc1ccccc1C(=O)Nc1ccc(NC(=S)C([*])=O)c(C(C)(C)c2ccccc2)c1,True,True,False,511.74871826171875,511.0762939453125,511.4125061035156,511.0762939453125,511.74871826171875,0.67242431640625,multimodal,graph
3944,4348,[*]Oc1ccc(C(=O)Nc2ccc(OC(=O)c3ccc(N=[*])cc3)cc2)c(S(=O)(=O)c2ccc(C)cc2)c1,True,True,False,503.44708251953125,515.099853515625,509.2734680175781,503.44708251953125,515.099853515625,11.65277099609375,multimodal,graph
711,774,[*]c1cc(C=Nc2ccc(NC([*])=O)c(O)c2)cc(-c2ccccc2)c1,True,True,False,501.4469299316406,510.738525390625,506.0927276611328,501.4469299316406,510.738525390625,9.291595458984375,multimodal,graph
3210,3542,[*]OC(=O)c1ccc(CNc2ccc(NC(=O)Nc3ccc(C)cc3)cc2)cc1C([*])=O,True,True,False,501.1357727050781,509.2005615234375,505.1681671142578,501.1357727050781,509.2005615234375,8.064788818359375,multimodal,graph
3560,3928,[*]C(=O)c1ccc(Oc2ccc(C(=O)NNC(=O)c3ccc(C([*])=O)cc3)c(S(=O)(=O)CC(F)(F)F)c2)cc1,True,True,False,505.1663818359375,502.0694274902344,503.61790466308594,502.0694274902344,505.1663818359375,3.096954345703125,multimodal,graph
6641,7321,[*]c1ccc2c(c1)C(=O)N(c1ccc(C(=O)c3cc([*])c(C(F)(F)F)cc3)c(O)c2)cc1,True,True,False,603.0752563476562,612.0633544921875,607.5693054199219,603.0752563476562,612.0633544921875,8.98809814453125,multimodal,graph
9966,10986,[*]Nc1ccc(NC(=O)c2cc(OC(=O)c3ccc(C)cc3)cc(NC(=O)c3ccc(C([*])=O)cc3)c2)cc1,True,True,False,537.5108032226562,587.2853393554688,562.3980712890625,537.5108032226562,587.2853393554688,49.7745361328125,multimodal,graph
5137,5661,[*]C(=O)c1ccc([Si](C)(C)c2ccc(N3C(=O)c4ccc([*])cc4C3=O)cc2)cc1,True,True,False,519.6046752929688,596.5225219726562,558.0635986328125,519.6046752929688,596.5225219726562,76.9178466796875,multimodal,graph
7540,8300,[*]c1ccc(Oc2ccc(S(=O)(=O)c3ccc(-c4ccc(-c5ccc([*])cc5C#N)cc4)cc3)cc2)cc1,True,True,False,549.3480224609375,552.791015625,551.0695190429688,549.3480224609375,552.791015625,3.4429931640625,multimodal,graph
5739,6329,[*]Oc1ccc(NC(=O)c2ccc(C([*])=O)cc2)cc1,True,True,False,536.27587890625,565.7825927734375,551.0292358398438,536.27587890625,565.7825927734375,29.5067138671875,multimodal,graph
5538,6108,[*]C(=O)c1cccc(NC(=O)c2ccc(C(=O)Nc3ccc(C([*])=O)cc3)cc2C(F)(F)F)c1,True,True,False,543.0499877929688,530.0516357421875,536.5508117675781,530.0516357421875,543.0499877929688,12.99835205078125,multimodal,graph
9659,10643,[*]Oc1ccc(C(=O)Nc2ccc([*])c(NS(=O)(=O)c3ccccc3)c2)cc1C,True,True,False,512.1036376953125,553.1480712890625,532.6258544921875,512.1036376953125,553.1480712890625,41.04443359375,multimodal,graph
7213,7949,[*]Nc1ccc(C(=O)Nc2c(C)cc(S([*])(=O)=O)c([Si](C)(C)C)c2)cc1-c1ccccc1,True,True,False,545.0633544921875,502.78662109375,523.9249877929688,502.78662109375,545.0633544921875,42.2767333984375,multimodal,graph
8581,9453,[*]CC(CO)Nc1ccc(NC(=O)c2ccc(C(=O)Nc3ccc(S[*])cc3)cc2)cc1,True,True,False,521.8673095703125,521.5660400390625,521.7166748046875,521.5660400390625,521.8673095703125,0.30126953125,multimodal,graph
7656,8431,[*]NC(=O)c1ccccc1C(=O)NNC(=O)C1CCC(c2ccc([*])cc2)C1=O,True,True,False,523.5554809570312,519.07568359375,521.3155822753906,519.07568359375,523.5554809570312,4.47979736328125,multimodal,graph
6084,6706,[*]C#Cc1ccc(NC(=O)c2ccc(C)cc2C[Ge]([*])(C)C)cc1S,True,True,False,528.1362915039062,513.2452392578125,520.6907653808594,513.2452392578125,528.1362915039062,14.89105224609375,multimodal,graph
7080,7808,[*]Oc1cc(Br)cc(C(=O)c2ccc(NC(=O)c3ccc([*])cc3)cc2O)c1,True,True,False,507.8264465332031,531.9942626953125,519.9103546142578,507.8264465332031,531.9942626953125,24.167816162109375,multimodal,graph
9104,10039,[*]/C=N/c1ccc(NC(=O)c2ccc(-c3ccc(C(=O)Nc4ccc([*])s4)cc3)cc2)cc1,True,True,False,504.6114501953125,522.8233642578125,513.7174072265625,504.6114501953125,522.8233642578125,18.2119140625,multimodal,graph
5732,6321,[*]/C=C/c1ccc([Si](C)(=O)c2ccc(OC(=O)c3ccc(-c4cccc(C([*])=O)c4)cc3)cc2)c(O)c1,True,True,False,517.1949462890625,506.7915344238281,511.9932403564453,506.7915344238281,517.1949462890625,10.403411865234375,multimodal,graph
6233,6872,[*]CNc1ccc(NC(=O)c2cnc(C(C)(C)c3ccc(S([*])=O)c(Cl)c3)cc2)cc1,True,True,False,502.73297119140625,505.3051452636719,504.01905822753906,502.73297119140625,505.3051452636719,2.572174072265625,multimodal,graph
13720,15166,[*]C#CC(=O)c1ccc(-c2ccc(N3C(=O)c4ccc([*])cc4C3=O)cc2)cc1,True,True,False,555.642822265625,606.86083984375,581.2518310546875,555.642822265625,606.86083984375,51.218017578125,multimodal,graph
12221,13500,[*]Nc1ccc(C(=O)Nc2cc(Br)c(N3C(=O)c4ccc([*])cc4C3=O)cc2)c(OCC(F)(F)F)c1,True,True,False,585.6714477539062,550.9915771484375,568.3315124511719,550.9915771484375,585.6714477539062,34.67987060546875,multimodal,graph
10809,11923,[*]Nc1ccc(C=CC(=O)NC(=O)c2ccc(-c3ccc(C([*])=O)cc3)cc2)cc1,True,True,False,597.1395263671875,515.9403686523438,556.5399475097656,515.9403686523438,597.1395263671875,81.19915771484375,multimodal,graph
10056,11082,[*]CC(=O)Nc1cc(NC(=O)c2ccc(C(C)(C)C)cc2)cc(C([*])=O)c1,True,True,False,523.7781982421875,556.771728515625,540.2749633789062,523.7781982421875,556.771728515625,32.9935302734375,multimodal,graph
10594,11687,[*]NC(=O)c1cc([*])c(C(F)(F)F)cc1C,True,True,False,543.5828857421875,535.15087890625,539.3668823242188,535.15087890625,543.5828857421875,8.4320068359375,multimodal,graph
14517,16032,[*]c1cnc(-c2ccc(-c3ccc([*])cc3)cc2)c(F)c1F,True,True,False,553.8199462890625,516.0347900390625,534.9273681640625,516.0347900390625,553.8199462890625,37.78515625,multimodal,graph
10154,11192,[*]Oc1ccc(-c2ccc(NC(=O)c3ccc(-c4cc([Si](C)(CC)COC)c(C([*])=O)cc4)cc3)cc2)cc1,True,True,False,539.1640014648438,530.5745849609375,534.8692932128906,530.5745849609375,539.1640014648438,8.58941650390625,multimodal,graph
12723,14059,[*]Nc1ccc(C(=O)Nc2ccc(Oc3ccc(N4C(=O)c5ccc([*])cc5C4=O)cc3)cc2)cc1C(C)(Cl)c1ccccc1,True,True,False,529.4801635742188,525.35986328125,527.4200134277344,525.35986328125,529.4801635742188,4.12030029296875,multimodal,graph
13717,15162,[*]Oc1ccc(NC(=O)c2ccc(C(=O)N(C(=O)O)c3ccc(-c4ccc(C([*])=O)cc4)cc3)cc2)c(-c2ccccc2)c1,True,True,False,535.88037109375,516.1150512695312,525.9977111816406,516.1150512695312,535.88037109375,19.76531982421875,multimodal,graph
12218,13497,[*]C(=O)Nc1ccc(OC(=O)c2ccc(-c3ccc([*])cc3)c(C)c2)cc1,True,True,False,519.95263671875,531.3152465820312,525.6339416503906,519.95263671875,531.3152465820312,11.36260986328125,multimodal,graph
12614,13932,[*]Nc1ccc(NC(=O)c2ccc(C(=O)c3ccc(CC)cc3)cc2-c2ccc(N=[*])cc2)cc1,True,True,False,519.8345947265625,522.2444458007812,521.0395202636719,519.8345947265625,522.2444458007812,2.40985107421875,multimodal,graph
10053,11079,[*]Oc1cc(C(=O)NCC)c(Oc2ccc(NC(=O)c3ccc(C([*])=O)cc3)cc2)cc1O,True,True,False,519.017333984375,518.824951171875,518.921142578125,518.824951171875,519.017333984375,0.1923828125,multimodal,graph
11657,12880,[*]Oc1ccc(NC(=O)c2ccc(C(=O)Nc3ccc([*])cc3)cc2)cc1-c1cccc(C)c1,True,True,False,518.589111328125,518.8538208007812,518.7214660644531,518.589111328125,518.8538208007812,0.26470947265625,multimodal,graph
10845,11964,[*]Nc1ccc(C(=O)Nc2ccc(Oc3ccc(C([*])=O)cc3)cc2-c2ccccc2)cc1,True,True,False,510.5635681152344,518.6803588867188,514.6219635009766,510.5635681152344,518.6803588867188,8.116790771484375,multimodal,graph
11382,12573,[*]c1ccc(CC(=O)Nc2ccc(P([*])(=O)OC(C)(C)O)c(Br)c2)cc1Br,True,True,False,505.25213623046875,502.2330627441406,503.7425994873047,502.2330627441406,505.25213623046875,3.019073486328125,multimodal,graph
17493,19344,[*]Oc1ccc(CC(=O)Nc2ccc(N3C(=O)c4ccc([*])cc4C3=O)c([N+](=O)[O-])c2)cc1,True,True,False,519.2749633789062,586.80712890625,553.0410461425781,519.2749633789062,586.80712890625,67.53216552734375,multimodal,graph
18005,19916,[*]Oc1ccc(C(c2ccccc2)c2ccc(N3C(=O)c4ccc(C([*])=O)cc4C3=O)cc2)cc1,True,True,False,537.468017578125,548.0914916992188,542.7797546386719,537.468017578125,548.0914916992188,10.62347412109375,multimodal,graph
18380,20323,[*]Oc1ccc(C2(c3ccc(N)c(NC([*])=O)c3)cc2-c2ccccc2)cc1,True,True,False,560.95556640625,521.2025146484375,541.0790405273438,521.2025146484375,560.95556640625,39.7530517578125,multimodal,graph
17824,19717,[*]Nc1ccc(NC(=O)c2ccc([*])c(C(=O)Oc3ccc(-c4ccccc4)cc3)c2)cc1,True,True,False,522.7416381835938,557.6397094726562,540.190673828125,522.7416381835938,557.6397094726562,34.8980712890625,multimodal,graph
16935,18720,[*]C([2H])(C)CN1C=CN(c2ccc(-c3ccc4c(c3)C(=O)N([*])C4=O)c(C)c2)C1=O,True,True,False,561.766845703125,515.6952514648438,538.7310485839844,515.6952514648438,561.766845703125,46.07159423828125,multimodal,graph
18264,20201,[*]C(=O)Oc1ccc(-c2ccc(SC(=O)Oc3ccc(N4C(=O)c5ccc([*])cc5C4=O)cc3)c(C)c2)cc1,True,True,False,521.6373291015625,550.5875244140625,536.1124267578125,521.6373291015625,550.5875244140625,28.9501953125,multimodal,graph
16198,17896,[*]C(=O)c1ccc(-c2ccc(-c3ccc(C=[*])cc3)cc2)cc1,True,True,False,542.4469604492188,526.3660888671875,534.4065246582031,526.3660888671875,542.4469604492188,16.08087158203125,multimodal,graph
16474,18204,[*]Oc1ccc(NC(=O)c2ccccc2-c2ccc([*])cc2)c(S(=O)(=O)O)c1Br,True,True,False,538.3509521484375,522.3707885742188,530.3608703613281,522.3707885742188,538.3509521484375,15.98016357421875,multimodal,graph
16832,18599,[*]Sc1ccc(-c2ccc(NC(=O)c3ccc(C(=O)Nc4ccc([*])cc4)cc3)cc2C(=O)O)c(C#N)c1,True,True,False,536.2515869140625,522.9204711914062,529.5860290527344,522.9204711914062,536.2515869140625,13.33111572265625,multimodal,graph
17718,19598,[*]c1ccc(Oc2ccc(Nc3ccccc3-c3ccc([*])cc3)c(S(=O)(=O)c3ccc(I)cc3)c2)cc1,True,True,False,540.1768798828125,517.9888916015625,529.0828857421875,517.9888916015625,540.1768798828125,22.18798828125,multimodal,graph
18587,20548,[*]Nc1cccc(C#Cc2ccc(NC(=O)c3ccc4c(c3)C(=O)N([*])C4C)c(C)c2)c1,True,True,False,501.8626403808594,546.3466796875,524.1046600341797,501.8626403808594,546.3466796875,44.484039306640625,multimodal,graph
16220,17922,[*]Oc1ccc(C(C)(C)c2ccc(NC(=O)c3ccc(C(=O)Nc4ccc([*])cc4)cc3)cc2)cc1,True,True,False,534.4178466796875,509.77349853515625,522.0956726074219,509.77349853515625,534.4178466796875,24.64434814453125,multimodal,graph
17600,19461,[*]c1cc(C(F)(F)F)c(Nc2ccc([*])cc2N=Nc2ccccc2)cc1-c1ccccc1,True,True,False,537.4313354492188,504.563232421875,520.9972839355469,504.563232421875,537.4313354492188,32.86810302734375,multimodal,graph
18985,20996,[*]Sc1ccc(C(=O)Nc2ccc(C(=O)NNC(=O)c3ccc(S([*])(=O)=O)cc3)c(C(C)C)c2)cc1O,True,True,False,504.982666015625,528.6444091796875,516.8135375976562,504.982666015625,528.6444091796875,23.6617431640625,multimodal,graph
15284,16880,[*]Oc1ccc(C(NC(=O)c2ccc(-c3ccc([N+](=O)[O-])cc3)cc2)c2ccc(-c3ccc(C(=O)NC([*])=O)cc3)cc2)cc1C,True,True,False,506.52239990234375,525.1210327148438,515.8217163085938,506.52239990234375,525.1210327148438,18.5986328125,multimodal,graph
17554,19411,[*]C(=O)Nc1ccc(NC(=O)c2ccc(C([*])=O)cc2)c(OCN[N+](=O)[O-])c1,True,True,False,519.2659912109375,507.7348327636719,513.5004119873047,507.7348327636719,519.2659912109375,11.531158447265625,multimodal,graph
15944,17615,[*]NC(=O)c1ccc(-n2c(=O)c3ccc([*])cc3c2=O)c(CCCN(C)C)c1C,True,True,False,505.3421325683594,521.6402587890625,513.4911956787109,505.3421325683594,521.6402587890625,16.298126220703125,multimodal,graph
15519,17144,[*]CCN1CCC(NC(=O)c2ccc(C(=O)Nc3ccc(S([*])=O)cc3)cc2)CCCCC1,True,True,False,510.1080627441406,515.6976928710938,512.9028778076172,510.1080627441406,515.6976928710938,5.589630126953125,multimodal,graph
24708,27316,[*]C(=O)Nc1ccc(-c2cc(C)cc(N3C(=O)c4ccc([*])cc4C3=O)c2)cc1,True,True,False,551.0425415039062,618.1038208007812,584.5731811523438,551.0425415039062,618.1038208007812,67.061279296875,multimodal,graph
23944,26485,[*]Oc1ccc(S(=O)(=O)c2ccc(-c3ccc4c(c3)C(=O)N([*])C4=O)cc2C)c(O)c1,True,True,False,592.9671020507812,522.6646118164062,557.8158569335938,522.6646118164062,592.9671020507812,70.302490234375,multimodal,graph
20772,22961,[*]Oc1ccc(C(=O)NNC(=O)c2ccc(NC(=O)c3ccc(S([*])(=O)=O)cc3)cc2)cc1,True,True,False,524.7091674804688,563.3815307617188,544.0453491210938,524.7091674804688,563.3815307617188,38.67236328125,multimodal,graph
20168,22299,[*]Oc1ccc(NC(=O)c2ccc(C([*])=O)cc2C)c(N)c1[Ge](=O)Cl,True,True,False,584.8671875,503.08758544921875,543.9773864746094,503.08758544921875,584.8671875,81.77960205078125,multimodal,graph
22038,24353,[*]C(=O)c1ccc(Oc2ccc(N3C(=O)c4ccc([*])cc4C3=O)cc2)o1,True,True,False,512.9060668945312,571.2402954101562,542.0731811523438,512.9060668945312,571.2402954101562,58.334228515625,multimodal,graph
22233,24568,[*]C[Sn](C)(C)c1ccc(Oc2ccc(C([*])=O)cc2)c2ccc([2H])cc12,True,True,False,549.154052734375,533.2815551757812,541.2178039550781,533.2815551757812,549.154052734375,15.87249755859375,multimodal,graph
23657,26154,[*]/N=C/c1ccc(NC(=O)c2cc(C(=O)NSNc3ccc(N=[*])cc3)ccc2)cc1Cl,True,True,False,568.5804443359375,511.96649169921875,540.2734680175781,511.96649169921875,568.5804443359375,56.61395263671875,multimodal,graph
20111,22236,[*]NC(=O)c1ccc(C(C)(C)c2ccc(N3C(=O)N([*])CC=CC3)cc2)cc1,True,True,False,534.9866943359375,544.8236694335938,539.9051818847656,534.9866943359375,544.8236694335938,9.83697509765625,multimodal,graph
22942,25363,[*]C#Cc1ccc(C(=O)NNC(=O)c2ccc(C([*])=O)cc2)cc1,True,True,False,541.5928955078125,532.552978515625,537.0729370117188,532.552978515625,541.5928955078125,9.0399169921875,multimodal,graph
22578,24956,[*]Nc1ccc(-c2ccc(C(=O)Nc3ccc([*])cc3)cc2)cc1,True,True,False,518.7970581054688,535.7371215820312,527.26708984375,518.7970581054688,535.7371215820312,16.9400634765625,multimodal,graph
22681,25070,[*]Oc1cccc(NC(=O)c2ccc(C(=O)Nc3ccc(C([*])=O)cc3)cc2)c1,True,True,False,524.9251098632812,518.2896118164062,521.6073608398438,518.2896118164062,524.9251098632812,6.635498046875,multimodal,graph
21856,24148,[*]Oc1ccc2c(c1)C(=O)N(c1ccc(-c3ccc([Si]([*])(C)c4ccccc4)cc3)cc1C)C2=O,True,True,False,525.05322265625,512.6091918945312,518.8312072753906,512.6091918945312,525.05322265625,12.44403076171875,multimodal,graph
21352,23596,[*]Oc1ccc(S(=O)(=O)c2ccc(OC(=O)c3ccc(C([*])=O)cc3)cc2)nc1-c1ccccc1,True,True,False,530.22265625,503.0752868652344,516.6489715576172,503.0752868652344,530.22265625,27.147369384765625,multimodal,graph
20955,23166,[*]/C(c1ccccc1)C(Cl)c1ccc(N2C(=O)c3ccc([*])cc3C2(C)C)c([N+](=O)[O-])c1,True,True,False,508.8194580078125,522.793701171875,515.8065795898438,508.8194580078125,522.793701171875,13.9742431640625,multimodal,graph
22998,25424,[*]c1ccc(Oc2ccc(C(=O)NNC(=O)c3ccc([*])c(-c4ccccc4)c3)cc2)cc1,True,True,False,519.4835815429688,509.3385009765625,514.4110412597656,509.3385009765625,519.4835815429688,10.14508056640625,multimodal,graph
22116,24437,[*]Nc1ccc(C)c(C(=O)Nc2ccc(C=[*])cc2)c1Br,True,True,False,506.5838623046875,518.3906860351562,512.4872741699219,506.5838623046875,518.3906860351562,11.80682373046875,multimodal,graph
22057,24373,[*]Sc1ccc(Oc2ccc(C(=O)c3ccc(N4C(=O)c5ccc([*])cc5C4=O)cc3)cc2)c(-c2ccccc2)c1,True,True,False,506.5335998535156,503.300048828125,504.9168243408203,503.300048828125,506.5335998535156,3.233551025390625,multimodal,graph
28202,31200,[*]C#Cc1ccc(Cl)cc1-c1ccc(C(=O)N(c2ccccc2)c2ccc(C([*])=O)cc2)cc1,True,True,False,554.0504760742188,557.2642822265625,555.6573791503906,554.0504760742188,557.2642822265625,3.21380615234375,multimodal,graph
25788,28512,[*]Oc1ccc(C(=O)NNC(=O)c2ccc(-c3ccc([Si]([*])(=O)=O)cc3)cc2)cc1,True,True,False,513.9063110351562,570.8106689453125,542.3584899902344,513.9063110351562,570.8106689453125,56.90435791015625,multimodal,graph
26311,29098,[*]Nc1ccc(NC(=O)c2ccc(N=Cc3ccc(C([*])=O)cc3)cc2)c(NC(=O)c2ccccc2C)c1,True,True,False,551.626220703125,532.06103515625,541.8436279296875,532.06103515625,551.626220703125,19.565185546875,multimodal,graph
25163,27820,[*]C1CCN(NC(=O)c2ccc(N=[*])cc2)CCCCCCC1,True,True,False,539.653564453125,539.2528686523438,539.4532165527344,539.2528686523438,539.653564453125,0.40069580078125,multimodal,graph
27778,30730,[*]c1cc(O)cc(N2C(=O)c3ccc([*])cc3C2=O)c1C(C)(C)C,True,True,False,544.2677001953125,512.014892578125,528.1412963867188,512.014892578125,544.2677001953125,32.2528076171875,multimodal,graph
28415,31445,[*]c1ccc(OCC(C)C(=O)c2ccc(C(=O)c3ccc(N4C(=O)c5ccc([*])cc5C4=O)cc3)cc2)cc1,True,True,False,517.5947875976562,526.474609375,522.0346984863281,517.5947875976562,526.474609375,8.87982177734375,multimodal,graph
28411,31440,[*]Oc1ccc(NC(=O)c2ccc(N3C(=O)c4ccc(OCc5ccc([*])cc5C4=O)cc3)cc2)cc1OC(C)C,True,True,False,515.8336181640625,527.4183959960938,521.6260070800781,515.8336181640625,527.4183959960938,11.58477783203125,multimodal,graph
26486,29300,[*]c1cc(C(=O)C#Cc2ccc([*])cc2)c(C)cc1-c1ccc(-c2ccccc2)cc1,True,True,False,516.5768432617188,525.4789428710938,521.0278930664062,516.5768432617188,525.4789428710938,8.902099609375,multimodal,graph
26538,29358,[*]Oc1ccc(-c2cc(C)c(OC([*])=O)cc2-c2ccc(C#N)cc2)cc1,True,True,False,509.6578674316406,531.2310791015625,520.4444732666016,509.6578674316406,531.2310791015625,21.573211669921875,multimodal,graph
28932,32015,[*]c1ccc(C(=O)Nc2ccc(NC(=O)c3ccc(S(=O)(=O)c4ccc(C([*])=O)cc4)cc3OCC(O)c3ccccc3)cc2)cc1,True,True,False,520.63525390625,519.5606079101562,520.0979309082031,519.5606079101562,520.63525390625,1.07464599609375,multimodal,graph
25619,28334,[*]CC(=O)Nc1ccc(NC(=O)/C=C/c2ccc(C(=O)NNC(=O)c3ccc([*])cc3)cc2)c(C)c1,True,True,False,514.1322631835938,510.7898864746094,512.4610748291016,510.7898864746094,514.1322631835938,3.342376708984375,multimodal,graph
28428,31463,[*]Oc1ccc(CC(=N)Nc2ccc(Cc3ccc(NC(=O)c4ccc([*])cc4)cc3)cc2)cc1,True,True,False,504.6080322265625,509.4410095214844,507.02452087402344,504.6080322265625,509.4410095214844,4.832977294921875,multimodal,graph
31963,35364,[*]c1nc(O)cc(C(=O)Nc2ccc([*])cc2)s1Br,True,True,False,632.9000244140625,565.64111328125,599.2705688476562,565.64111328125,632.9000244140625,67.2589111328125,multimodal,graph
30939,34244,[*]CC(=O)c1ccc(C(=O)Nc2ccc(N3C(=O)c4ccc([*])cc4C3=O)cc2)c(O[Na])c1,True,True,False,557.2581176757812,604.6689453125,580.9635314941406,557.2581176757812,604.6689453125,47.41082763671875,multimodal,graph
30073,33291,[*]Oc1ccc(C(=O)OC)cc1-c1ccc(-c2ccc(NC(=O)c3ccc(C([*])=O)cc3)cc2)cc1,True,True,False,534.4517822265625,535.8562622070312,535.1540222167969,534.4517822265625,535.8562622070312,1.40447998046875,multimodal,graph
31226,34547,[*]C(=O)N(c1ccc(C)cc1)c1ccc(N2C(=O)CCC/C=C/c3ccc([*])cc3C2=O)cc1,True,True,False,537.7322998046875,528.7890625,533.2606811523438,528.7890625,537.7322998046875,8.9432373046875,multimodal,graph
33521,37079,[*]Oc1cc(NC(=O)c2ccc(C([*])=O)cc2)c(C)cc1C(F)(F)C(F)(F)F,True,True,False,537.3029174804688,529.1412353515625,533.2220764160156,529.1412353515625,537.3029174804688,8.16168212890625,multimodal,graph
31972,35373,[*]Nc1ccc(/C=C/C(=O)Nc2ccc(Oc3ccc(NC(=O)c4ccc(C([*])=O)cc4)cc3)cc2)cc1Sc1ccccc1,True,True,False,544.2377319335938,506.02630615234375,525.1320190429688,506.02630615234375,544.2377319335938,38.21142578125,multimodal,graph
34230,37884,[*]Oc1ccc(C(=O)Nc2ccc(NC([*])=O)cc2)c(SC)c1,True,True,False,502.90496826171875,529.8486938476562,516.3768310546875,502.90496826171875,529.8486938476562,26.9437255859375,multimodal,graph
34642,38342,[*]C(=O)/N=C/c1ccc(OC(=O)c2ccc(-c3nnc([*])cc3)cc2)cc1,True,True,False,517.8790283203125,512.870849609375,515.3749389648438,512.870849609375,517.8790283203125,5.0081787109375,multimodal,graph
32960,36468,[*]CC(F)(F)COC(=O)c1ccc(NC(=O)c2ccc(C([*])=O)cc2)cc1,True,True,False,520.13525390625,509.33843994140625,514.7368469238281,509.33843994140625,520.13525390625,10.79681396484375,multimodal,graph
34332,38003,[*]C#Cc1ccc(C(=O)Nc2ccc(NC(=O)SCC([*])=O)cc2C(C)(C)C)cc1,True,True,False,523.1267700195312,506.14178466796875,514.63427734375,506.14178466796875,523.1267700195312,16.9849853515625,multimodal,graph
33803,37399,[*]CC(C)c1ccc(NC(=O)c2ccc(C(=O)NOc3ccc(C([*])=O)cc3)cc2)cc1,True,True,False,517.0824584960938,508.1187438964844,512.6006011962891,508.1187438964844,517.0824584960938,8.963714599609375,multimodal,graph
37601,41608,[*]CC(=O)c1ccc(Oc2ccc(N3C(=O)c4ccc([*])cc4C3=O)c(C)c2)cc1,True,True,False,536.0485229492188,577.1937255859375,556.6211242675781,536.0485229492188,577.1937255859375,41.14520263671875,multimodal,graph
38283,42365,[*]Oc1ccc(C(=O)NC(=O)c2cccc(NC(=O)c3ccc([*])cc3)c2)cc1C,True,True,False,530.0760498046875,562.4280395507812,546.2520446777344,530.0760498046875,562.4280395507812,32.35198974609375,multimodal,graph
36973,40912,[*]C(=O)C1CC(C(=O)Nc2ccc([*])cc2)CCCC1C,True,True,False,514.2529907226562,571.1513061523438,542.7021484375,514.2529907226562,571.1513061523438,56.8983154296875,multimodal,graph
39298,43476,[*]NC(=O)c1ccc(C(=O)Nc2ccc(NCC([*])=O)cc2)cc1,True,True,False,517.211669921875,557.9805297851562,537.5960998535156,517.211669921875,557.9805297851562,40.76885986328125,multimodal,graph
37757,41778,[*]COc1ccc(NC(=O)c2ccc(C(=O)Nc3ccc(S([*])(=O)=O)cc3)cc2)cc1,True,True,False,527.5001831054688,544.14306640625,535.8216247558594,527.5001831054688,544.14306640625,16.64288330078125,multimodal,graph
36183,40044,[*]Oc1ccc(CC(=O)Nc2ccc(S(=O)(=O)c3ccc(-c4ccc(C([*])=O)cc4)cc3)cc2)cc1,True,True,False,552.9442138671875,517.8150024414062,535.3796081542969,517.8150024414062,552.9442138671875,35.12921142578125,multimodal,graph
39442,43632,[*]Nc1ccc(-c2ccc(C#Cc3ccc([*])cc3)c(N)c2)cc1,True,True,False,533.4675903320312,533.710693359375,533.5891418457031,533.4675903320312,533.710693359375,0.24310302734375,multimodal,graph
36411,40296,[*]Oc1ccc(C(C)(C)c2ccc(OC(=O)c3ccc(N4C(=O)c5ccc([*])cc5C4=O)cc3)cc2)cc1,True,True,False,540.4581298828125,521.6734619140625,531.0657958984375,521.6734619140625,540.4581298828125,18.78466796875,multimodal,graph
37082,41035,[*]C(=S)Nc1ccc(Oc2ccc(N3C(=O)c4ccc([*])cc4C3=O)cc2)cc1C(F)(F)F,True,True,False,523.3167724609375,531.0491943359375,527.1829833984375,523.3167724609375,531.0491943359375,7.732421875,multimodal,graph
37280,41255,[*]C(=O)Nc1ccc(-c2ccc(C(C)(C)c3ccc(OC(=O)c4ccc([*])cc4)cc3)cc2)c(O)c1,True,True,False,548.092529296875,503.2861022949219,525.6893157958984,503.2861022949219,548.092529296875,44.806427001953125,multimodal,graph
37505,41501,[*]C#Cc1ccc(C(=O)Nc2ccc(C3=CC=C(C#N)C(=O)c4ccc(C([*])=O)cc4C3=O)cc2)cc1,True,True,False,505.5478515625,539.6478881835938,522.5978698730469,505.5478515625,539.6478881835938,34.10003662109375,multimodal,graph
39902,44148,[*]NC(=O)NC(=O)c1cccc(C(=O)NC(=O)Nc2ccc([*])cc2)c1C,True,True,False,513.472412109375,519.6299438476562,516.5511779785156,513.472412109375,519.6299438476562,6.15753173828125,multimodal,graph
38607,42717,[*]Oc1ccc(C(NC(=O)c2ccc([Si]([*])(C)=O)cc2)c2ccc(C#N)cc2)cc1Oc1ccc(-c2ccccc2)cc1,True,True,False,513.3447265625,518.97607421875,516.160400390625,513.3447265625,518.97607421875,5.63134765625,multimodal,graph
37638,41649,[*]Oc1ccc(C(=O)Nc2ccc(COC(=O)c3ccc(-c4ccc(S([*])(=O)=O)cc4)cc3)cc2)c(OC=C)c1,True,True,False,524.232421875,507.0427551269531,515.6375885009766,507.0427551269531,524.232421875,17.189666748046875,multimodal,graph
35204,38953,[*]/C=C/c1ccc(OC(=O)c2ccc(S(=O)(=O)c3ccc(Oc4ccc5c(c4)C(=O)N([*])C5=O)cc3)cc2)cc1,True,True,False,506.2279357910156,523.3546752929688,514.7913055419922,506.2279357910156,523.3546752929688,17.126739501953125,multimodal,graph
37104,41057,[*]Cc1ccc(Oc2ccc(SC(=O)c3ccc(NC(=O)c4ccc([*])cc4)cc3)cc2)cc1,True,True,False,504.31781005859375,520.2935180664062,512.3056640625,504.31781005859375,520.2935180664062,15.9757080078125,multimodal,graph
38363,42449,[*]CC(=O)N(c1ccc(N=[*])cc1)c1ccc([N+](=O)[O-])cc1,True,True,False,509.2974548339844,502.2003479003906,505.7489013671875,502.2003479003906,509.2974548339844,7.09710693359375,multimodal,graph
37992,42038,[*]C(=O)Nc1ccc(Cc2cc(C)c(OC(=O)c3ccc(S([*])(=O)=O)cc3)cc2)cc1O,True,True,False,502.8393249511719,507.04827880859375,504.9438018798828,502.8393249511719,507.04827880859375,4.208953857421875,multimodal,graph
44100,48816,[*]C(=O)Nc1cc(N(C)C(=O)c2ccc3c(c2)C(C)(C)C(=O)N([*])C3=O)ccc1-c1ccccc1,True,True,False,570.6739501953125,550.3573608398438,560.5156555175781,550.3573608398438,570.6739501953125,20.31658935546875,multimodal,graph
41805,46264,[*]Nc1ccc(NC(=O)Nc2ccc(N3C([*])CC(C)(C)CC3=O)cc2-c2ccccc2)cc1,True,True,False,578.6336059570312,540.5772094726562,559.6054077148438,540.5772094726562,578.6336059570312,38.056396484375,multimodal,graph
42007,46486,[*]OC(=O)c1ccc(C(=O)Nc2ccc(C3(c4ccc([*])cc4)cc3C)cc2)cc1,True,True,False,528.2847900390625,572.7384643554688,550.5116271972656,528.2847900390625,572.7384643554688,44.45367431640625,multimodal,graph
44293,49032,[*]C(=O)c1ccc(Oc2ccc(S(=O)(=O)c3ccc(N4C(=O)c5ccc([*])cc5C4=O)cc3)cc2)cc1,True,True,False,549.7845458984375,549.7125854492188,549.7485656738281,549.7125854492188,549.7845458984375,0.07196044921875,multimodal,graph
43026,47638,[*]Oc1ccc(C(=O)NNC(=O)c2ccc(C(=O)Nc3ccc(-c4ccc([*])cc4)cc3)cc2)cc1,True,True,False,535.747802734375,555.2640380859375,545.5059204101562,535.747802734375,555.2640380859375,19.5162353515625,multimodal,graph
42176,46677,[*]Oc1cc(C)c(OC(=O)c2ccc(N(c3ccc(C)cc3)C(=O)c3ccc(C([*])=O)cc3)cc2)cc1,True,True,False,533.7425537109375,549.4036254882812,541.5730895996094,533.7425537109375,549.4036254882812,15.66107177734375,multimodal,graph
43762,48446,[*]Oc1ccc(-c2ccc(OCC(=O)NNC(=O)c3ccc4c(c3)C(=O)N([*])C4=O)cc2)cc1,True,True,False,509.4630126953125,568.5858154296875,539.0244140625,509.4630126953125,568.5858154296875,59.122802734375,multimodal,graph
42059,46543,[*]NC(=O)c1ccc(C([*])=O)c(-c2ccccc2)c1,True,True,False,540.6385498046875,534.6243896484375,537.6314697265625,534.6243896484375,540.6385498046875,6.01416015625,multimodal,graph
40670,45025,[*]Nc1ccc(NC(=O)c2ccccc2C(=O)Nc2ccc(S(=O)(=O)CC([*])=O)cc2)c(C)c1,True,True,False,542.6355590820312,529.5806274414062,536.1080932617188,529.5806274414062,542.6355590820312,13.054931640625,multimodal,graph
41435,45862,[*]Oc1ccc(C(=O)NC(=O)c2ccc(C(=O)Nc3ccc(NC(=O)c4ccc(C)c(S([*])=O)c4)cc3C)cc2)cc1,True,True,False,526.8167724609375,545.1639404296875,535.9903564453125,526.8167724609375,545.1639404296875,18.34716796875,multimodal,graph
40121,44395,[*]Oc1cc(C(C)(C)C)c([*])c(S(=O)(=O)c2ccccc2)c1-c1ccc(CBr)cc1,True,True,False,510.95123291015625,560.03662109375,535.4939270019531,510.95123291015625,560.03662109375,49.08538818359375,multimodal,graph
42473,47010,[*]c1ccc(C(C)(C)NC(=O)c2ccc(C(=O)NNC(=O)c3ccc([*])cc3)cc2)cc1,True,True,False,535.9598999023438,526.231689453125,531.0957946777344,526.231689453125,535.9598999023438,9.72821044921875,multimodal,graph
43481,48139,[*]Oc1ccc2c(c1)C(=O)N(c1ccc(NC(=O)c3ccc([SiH]([*])=O)cc3)c(C(=O)Cl)c1)C2=O,True,True,False,511.17230224609375,541.87353515625,526.5229187011719,511.17230224609375,541.87353515625,30.70123291015625,multimodal,graph
42949,47541,[*]Oc1ccc(-c2cc([*])c(OC)cc2S(=O)(=O)c2ccc(C#N)cc2)cc1Cl,True,True,False,547.1581420898438,503.9216613769531,525.5399017333984,503.9216613769531,547.1581420898438,43.236480712890625,multimodal,graph
43843,48536,[*]C(Cl)=C(c1ccccc1)c1ccc(P(=O)(c2ccc(C(F)(F)F)cc2)S([*])(=O)=O)cc1,True,True,False,529.8916015625,514.6654052734375,522.2785034179688,514.6654052734375,529.8916015625,15.2261962890625,multimodal,graph
42075,46561,[*]Oc1ccc(NC(=O)c2ccc(-c3ccc(C(=O)Oc4ccc(O[*])cc4)cc3)cc2)cc1,True,True,False,533.64453125,503.68212890625,518.663330078125,503.68212890625,533.64453125,29.96240234375,multimodal,graph
40923,45298,[*]C(=O)Nc1ccc(C(C)(C)c2ccc(C(=O)NNC(=O)c3ccc(C([*])=S)cc3)cc2S(=O)(=O)c2ccc(Br)cc2)cc1,True,True,False,530.1690063476562,503.0522155761719,516.6106109619141,503.0522155761719,530.1690063476562,27.116790771484375,multimodal,graph
43011,47621,[*]Oc1ccc(C(=O)c2ccc(-c3nnc([*])cc3)cc2)c(C)c1C,True,True,False,504.2505187988281,528.0389404296875,516.1447296142578,504.2505187988281,528.0389404296875,23.788421630859375,multimodal,graph
42491,47028,[*]NC(=O)Nc1cc(C)c(-c2ccc(C([*])(C)C)cc2)c(Br)c1,True,True,False,525.5438232421875,503.8038330078125,514.673828125,503.8038330078125,525.5438232421875,21.739990234375,multimodal,graph
43353,47998,[*]Nc1ccc(Cc2ccc(NC(=O)Nc3ccc(C)c(NC([*])=O)c3)cc2)cc1S,True,True,False,521.321533203125,502.59429931640625,511.9579162597656,502.59429931640625,521.321533203125,18.72723388671875,multimodal,graph
40017,44272,[*]Nc1ccc(C(=O)Nc2ccc(OCC(C)(C)c3ccccc3)c(NC([*])=O)c2)cc1C,True,True,False,501.76141357421875,500.5470886230469,501.1542510986328,500.5470886230469,501.76141357421875,1.214324951171875,multimodal,graph
46162,51120,[*]c1ccc2c(c1)C(=O)N(C)c1ccc(C([*])=O)cc1-2,True,True,False,609.32568359375,608.6929321289062,609.0093078613281,608.6929321289062,609.32568359375,0.63275146484375,multimodal,graph
47704,52823,[*]Oc1c(C)cc(C#Cc2ccc(C([*])=O)cc2)c(-c2ccc(Br)cc2)c1Cl,True,True,False,578.8255615234375,515.7056884765625,547.265625,515.7056884765625,578.8255615234375,63.119873046875,multimodal,graph
47891,53033,[*]Nc1ccc(NC(=O)c2ccc(S(=O)(=O)c3ccc(C([*])=O)cc3)c(C)c2)cc1C,True,True,False,540.0656127929688,547.7332153320312,543.8994140625,540.0656127929688,547.7332153320312,7.6676025390625,multimodal,graph
46684,51697,[*]Nc1ccc(C(=N)Nc2ccc(Oc3ccc(Cl)cc3)c(C([*])=O)c2)cc1,True,True,False,563.3519897460938,520.7772216796875,542.0646057128906,520.7772216796875,563.3519897460938,42.57476806640625,multimodal,graph
45250,50101,[*]NC(=O)Nc1ccc(-c2ccc(C(=O)NC(=O)c3ccc([*])cc3)cc2)cc1,True,True,False,551.747314453125,531.3260498046875,541.5366821289062,531.3260498046875,551.747314453125,20.4212646484375,multimodal,graph
46440,51425,[*]Sc1ccc(/C(C)=C/c2ccc(N3C(=O)c4ccc(-c5ccc(C(=O)Oc6ccc([*])cc6C5=O)cc4)cc3)cc2)c2ccccc12,True,True,False,521.086669921875,558.6046142578125,539.8456420898438,521.086669921875,558.6046142578125,37.5179443359375,multimodal,graph
47896,53038,[*]Oc1ccc(C(=O)Nc2cccc(C(=O)c3ccc(N4C(=O)c5ccc([*])cc5C4=O)cc3)c2)cc1,True,True,False,526.08984375,547.7242431640625,536.9070434570312,526.08984375,547.7242431640625,21.6343994140625,multimodal,graph
48079,53241,[*]/C=C/C(=O)Nc1ccc(S(=O)(=O)c2ccc(C(=O)NC([*])=O)cc2)cc1OC,True,True,False,521.49560546875,530.7053833007812,526.1004943847656,521.49560546875,530.7053833007812,9.20977783203125,multimodal,graph
48708,53953,[*]Cc1ccc(CC(=O)NNC(=O)c2ccc(-c3ccc([*])nc3)cc2)cc1,True,True,False,502.56256103515625,543.2413940429688,522.9019775390625,502.56256103515625,543.2413940429688,40.6788330078125,multimodal,graph
45957,50895,[*]C(=O)c1cc(OC)c(N2C(=O)C(F)(F)C([*])=CCC2C)c(F)c1Br,True,True,False,514.5816040039062,527.0523681640625,520.8169860839844,514.5816040039062,527.0523681640625,12.47076416015625,multimodal,graph
46797,51824,[*]C(=O)C(C)NS(=O)(=O)c1ccc(C(=O)Nc2ccc3c(c2)C(=O)N([*])C3=O)c(C)c1,True,True,False,525.7559204101562,515.1619262695312,520.4589233398438,515.1619262695312,525.7559204101562,10.593994140625,multimodal,graph
46088,51042,[*]Oc1ccc(C(=O)Nc2ccc(-c3ccc(Sc4ccc(NC([*])=O)cc4C)cc3)cc2)c(C(F)(F)F)c1,True,True,False,534.3275756835938,505.52593994140625,519.9267578125,505.52593994140625,534.3275756835938,28.8016357421875,multimodal,graph
48459,53672,[*]c1ccc(-c2cc([*])c(C#N)cc2Cl)c(F)c1,True,True,False,514.7075805664062,524.9274291992188,519.8175048828125,514.7075805664062,524.9274291992188,10.2198486328125,multimodal,graph
47244,52315,[*]Oc1ccc(OC(=O)c2ccc(-c3ccc(C4=CC(=O)Oc5ccc(C([*])=O)cc5C4=O)cc3)cc2)cc1,True,True,False,502.7982482910156,534.0217895507812,518.4100189208984,502.7982482910156,534.0217895507812,31.223541259765625,multimodal,graph
47853,52991,[*]Nc1ccc(C(C#N)(C)c2ccc(Nc3ccc(N4C(=O)c5ccccc5-c5ccc([*])cc5C4=O)cc3)c(C(C)(C)C)c2)cc1,True,True,False,529.9425048828125,505.43603515625,517.6892700195312,505.43603515625,529.9425048828125,24.5064697265625,multimodal,graph
46465,51452,[*]NC(=O)C(F)(F)C(=O)Nc1ccc(C(=O)NC([*])=O)cc1,True,True,False,507.3787841796875,524.4403076171875,515.9095458984375,507.3787841796875,524.4403076171875,17.0615234375,multimodal,graph
47414,52504,[*]Nc1ccc(CCc2ccc(NC(=O)c3ccc(C([*])=O)cc3)cc2)cc1NNC(=O)c1ccccc1,True,True,False,526.4022216796875,502.8249816894531,514.6136016845703,502.8249816894531,526.4022216796875,23.577239990234375,multimodal,graph
49254,54553,[*]CC=Cc1ccc(-c2cc([*])ccc2NC(=O)c2ccc([Si](C)(C)C)cc2)c(C#N)c1,True,True,False,511.3304748535156,504.48602294921875,507.9082489013672,504.48602294921875,511.3304748535156,6.844451904296875,multimodal,graph
49136,54424,[*]OC(=O)c1ccc2c(c1)C(=O)N(C#CCCCCOc1ccc(-c3ccc(S([*])(=O)=O)cc3)ccc2)c1,True,True,False,502.690673828125,509.88800048828125,506.2893371582031,502.690673828125,509.88800048828125,7.19732666015625,multimodal,graph
54786,60685,[*]OC(=O)c1ccc(C(=O)c2ccc(N3C(=O)c4ccc([*])cc4C3=O)cc2)cc1O,True,True,False,551.3111572265625,573.607177734375,562.4591674804688,551.3111572265625,573.607177734375,22.2960205078125,multimodal,graph
50007,55380,[*]C(=O)c1ccc(Cc2ccc(N3C(=O)c4ccc([*])cc4C3=O)c(Cl)c2)cc1,True,True,False,560.4826049804688,559.107177734375,559.7948913574219,559.107177734375,560.4826049804688,1.37542724609375,multimodal,graph
54685,60572,[*]Sc1ccc(N(C)C(=O)c2ccc(N3C(=O)c4ccc([*])cc4C3=O)cc2)c(Cl)c1,True,True,False,570.7023315429688,506.0438537597656,538.3730926513672,506.0438537597656,570.7023315429688,64.65847778320312,multimodal,graph
51886,57471,[*]Nc1ccc(OC(=O)Oc2ccc(N3C(=O)c4ccc(C([*])=O)cc4C3=O)cc2)cc1,True,True,False,529.587890625,524.0523681640625,526.8201293945312,524.0523681640625,529.587890625,5.5355224609375,multimodal,graph
52152,57759,[*]/C=C/c1ccc(N(C(=O)c2ccc(O[*])cc2)c2ccc(C#N)cc2)cc1Cl,True,True,False,529.59423828125,522.3251342773438,525.9596862792969,522.3251342773438,529.59423828125,7.26910400390625,multimodal,graph
50095,55478,[*]Oc1ccccc1NC(=O)c1ccc(NC(=O)c2ccc(C(=O)Nc3ccc(C([*])=O)cc3)cc2)c(S(C)(C)C)c1,True,True,False,524.7506103515625,524.3443603515625,524.5474853515625,524.3443603515625,524.7506103515625,0.40625,multimodal,graph
53410,59147,[*]c1ccc(Oc2ccc(C(=O)c3ccc(C(=O)Nc4ccc(S([*])(=O)=O)cc4)cc3)cc2)cc1,True,True,False,535.2503662109375,509.8548278808594,522.5525970458984,509.8548278808594,535.2503662109375,25.395538330078125,multimodal,graph
51435,56975,[*]c1ccc(NC(=O)c2cccc(C(=O)NSCC([*])=S)c2)c(S(=O)(=O)O)c1,True,True,False,513.5023803710938,530.9430541992188,522.2227172851562,513.5023803710938,530.9430541992188,17.440673828125,multimodal,graph
52107,57712,[*]Oc1ccc(C(=O)c2ccc(S([*])(=O)c3ccccc3)c(C#Cc3ccccc3)c2)cc1C,True,True,False,522.3773803710938,516.1443481445312,519.2608642578125,516.1443481445312,522.3773803710938,6.2330322265625,multimodal,graph
50561,55987,[*]/C(C)=C/c1ccc(N(C(=O)c2ccc(O[*])cc2)c2ccc(C#N)cc2)cc1Cl,True,True,False,534.5830688476562,503.281005859375,518.9320373535156,503.281005859375,534.5830688476562,31.30206298828125,multimodal,graph
54378,60214,[*]/C=N/c1ccc(C(=O)Nc2ccc(-c3ccc(N=[*])cc3)cc2)cc1,True,True,False,533.671630859375,502.1375427246094,517.9045867919922,502.1375427246094,533.671630859375,31.534088134765625,multimodal,graph
51869,57450,[*]/C=C/c1ccc(C(=O)Nc2ccc(Sc3ccccc3N3C(=O)c4ccc([*])cc4C3=O)cc2)cc1,True,True,False,503.29034423828125,531.18359375,517.2369689941406,503.29034423828125,531.18359375,27.89324951171875,multimodal,graph
54750,60642,[*]Oc1c(C)cc(C(=C(c2ccccc2)c2ccc(C([*])=O)cc2)c2ccc(Cl)cc2)cc1S(=O)(=O)O,True,True,False,525.1817016601562,502.31256103515625,513.7471313476562,502.31256103515625,525.1817016601562,22.869140625,multimodal,graph
58625,64976,[*]C1=CC=C(C(=O)Nc2ccc(NC(=O)c3ccccc3)cc2)CCcc1-c1ccc([*])nc1,True,True,False,599.0148315429688,565.4292602539062,582.2220458984375,565.4292602539062,599.0148315429688,33.5855712890625,multimodal,graph
59024,65423,[*]Cc1ccc(NC(=O)c2ccc(S(=O)(=O)c3ccc(C([*])=O)cc3)c(N)c2)cc1,True,True,False,561.9889526367188,553.3967895507812,557.69287109375,553.3967895507812,561.9889526367188,8.5921630859375,multimodal,graph
57330,63514,[*]Nc1c(CBr)ccc(C(=O)NC(=O)c2ccc(C([*])=O)cc2)c1C,True,True,False,564.8715209960938,540.7689819335938,552.8202514648438,540.7689819335938,564.8715209960938,24.1025390625,multimodal,graph
57356,63544,[*]Oc1ccc2c(c1)C(=O)N(c1ccc(NC(=O)c3ccc([*])cc3)c(C(C)(C)C)c1)C2=O,True,True,False,553.4874267578125,539.055908203125,546.2716674804688,539.055908203125,553.4874267578125,14.4315185546875,multimodal,graph
57401,63596,[*]Oc1cc(C(C)C)c(NC(=O)c2ccc3c(c2)C(=O)N([*])OC3=O)cc1-c1ccccc1,True,True,False,581.8203735351562,510.4263916015625,546.1233825683594,510.4263916015625,581.8203735351562,71.39398193359375,multimodal,graph
55771,61785,[*]c1ccc(N(C(=O)c2ccccc2)c2ccc(C(C)(C)c3ccc(S(=O)(=O)N4C(=O)c5cc([*])ccc5C4=O)o3)cc2)cc1,True,True,False,552.349609375,528.81103515625,540.580322265625,528.81103515625,552.349609375,23.53857421875,multimodal,graph
58740,65101,[*]C(=O)c1ccc2c(c1)C(=O)N(c1ccc(Oc3ccc(-c4ccc([*])cc4)cc3)cc1)C2(F)F,True,True,False,533.3909301757812,532.969482421875,533.1802062988281,532.969482421875,533.3909301757812,0.42144775390625,multimodal,graph
59122,65540,[*]Nc1ccc(Ic2ccc(/N=N/c3ccc([*])cc3)cc2)cc1,True,True,False,545.4824829101562,516.2684326171875,530.8754577636719,516.2684326171875,545.4824829101562,29.21405029296875,multimodal,graph
56400,62480,[*]Sc1ccc(-c2ccc(C(=O)Nc3ccc(C([*])=N)cc3)cc2C(C)(C)C)cc1,True,True,False,552.8098754882812,504.9024963378906,528.8561859130859,504.9024963378906,552.8098754882812,47.907379150390625,multimodal,graph
59993,66497,[*]Oc1ccc(/C=C/C(=O)Nc2ccc(C(C)(C)c3ccc(NC(=O)c4ccc(N=[*])cc4)cc3)cc2)cc1,True,True,False,532.1615600585938,523.5322875976562,527.846923828125,523.5322875976562,532.1615600585938,8.6292724609375,multimodal,graph
59419,65861,[*]c1cc([*])c(/C=C/C(C)C)c(-c2ccc(-c3ccccc3)cc2-c2ccc(C#N)cc2)c1,True,True,False,502.4197082519531,546.5516357421875,524.4856719970703,502.4197082519531,546.5516357421875,44.131927490234375,multimodal,graph
56970,63110,[*]OC(=O)c1ccc(NC(=S)Nc2ccc(C(=O)Nc3ccc([*])cc3)cc2)cc1,True,True,False,515.6668701171875,522.2452392578125,518.9560546875,515.6668701171875,522.2452392578125,6.578369140625,multimodal,graph
59290,65720,[*]C(=O)c1cc(C(C)(C)O)c(Oc2ccc(/C(C)=C/c3ccc([*])cc3)c(Cl)c2)cc1C#N,True,True,False,504.3831481933594,528.4133911132812,516.3982696533203,504.3831481933594,528.4133911132812,24.030242919921875,multimodal,graph
55782,61797,[*]Oc1ccc(NC(=O)c2cccc(-c3ccc([*])cc3)c2C(=O)N(F)F)cc1,True,True,False,502.2016296386719,527.4802856445312,514.8409576416016,502.2016296386719,527.4802856445312,25.278656005859375,multimodal,graph
56277,62338,[*][Se]c1ccc(NC(=O)c2cc(C([*])=O)c(CCCCC)cc2C)cc1,True,True,False,511.844482421875,509.1118469238281,510.47816467285156,509.1118469238281,511.844482421875,2.732635498046875,multimodal,graph
55975,62005,[*]/C=C/c1ccc(NC(=O)c2ccc(Oc3ccc(N=[*])cc3)cc2)c(O)c1O,True,True,False,503.2959289550781,517.6304931640625,510.4632110595703,503.2959289550781,517.6304931640625,14.334564208984375,multimodal,graph
57874,64129,[*]Oc1ccc(/C(C)=C/c2ccc(-c3ccc([N+](=O)[O-])cc3)c(S([*])(=O)=O)c2)cc1Cl,True,True,False,505.52801513671875,501.1822509765625,503.3551330566406,501.1822509765625,505.52801513671875,4.34576416015625,multimodal,graph
57824,64073,[*]C#Cc1ccc(C(C)(c2ccccc2)c2ccc([*])c(S(=O)(=O)O)c2)cc1Br,True,True,False,502.1779479980469,501.2237243652344,501.7008361816406,501.2237243652344,502.1779479980469,0.9542236328125,multimodal,graph
62526,69305,[*]Nc1ccc(C#Cc2ccc(NC(=O)c3cc(C([*])=O)c(C)cc3)cc2)c(-c2ccc(S(=O)(=O)c3ccccc3)cc2)c1,True,True,False,579.4976196289062,546.031982421875,562.7648010253906,546.031982421875,579.4976196289062,33.46563720703125,multimodal,graph
63130,69979,[*]/C(C(F)(F)F)C(=O)Nc1ccc(-c2ccc3c(c2)C(=O)N([*])C3=O)cc1,True,True,False,575.59130859375,549.7093505859375,562.6503295898438,549.7093505859375,575.59130859375,25.8819580078125,multimodal,graph
62562,69344,[*]c1ccc2c(c1)C(=O)N(c1ccc(Cc3ccc([*])cc3)c(O)c1)C2=O,True,True,False,563.4314575195312,533.92919921875,548.6803283691406,533.92919921875,563.4314575195312,29.50225830078125,multimodal,graph
60356,66899,[*]OC(=O)c1ccc(NC(=O)c2ccc(CCC(=O)Nc3ccc(S([*])=O)cc3)cc2)cc1,True,True,False,535.5394897460938,546.4586791992188,540.9990844726562,535.5394897460938,546.4586791992188,10.919189453125,multimodal,graph
60390,66933,[*]c1ccc(C(=O)Nc2ccc(-c3ccc([*])c(C(F)(F)F)c3)cc2OC)cc1,True,True,False,515.2946166992188,560.47314453125,537.8838806152344,515.2946166992188,560.47314453125,45.17852783203125,multimodal,graph
63924,70856,[*]c1ccc(C(c2ccccc2)c2ccc(N=[*])c(O)c2)cc1Br,True,True,False,515.1566162109375,556.5911865234375,535.8739013671875,515.1566162109375,556.5911865234375,41.4345703125,multimodal,graph
63693,70595,[*]Oc1ccc(C(=O)Nc2ccc(Cl)cc2)cc1-c1ccc(C2CCC(=S)N([*])C2=O)cc1,True,True,False,518.2639770507812,550.6666259765625,534.4653015136719,518.2639770507812,550.6666259765625,32.40264892578125,multimodal,graph
63241,70098,[*]Oc1ccc(C(=O)Nc2ccc(Oc3ccc(NC(=O)c4ccc(C([*])=O)cc4)cc3)cc2)cc1-c1ccccc1,True,True,False,547.7923583984375,505.019287109375,526.4058227539062,505.019287109375,547.7923583984375,42.7730712890625,multimodal,graph
60581,67145,[*]Oc1ccc(NC(=O)c2ccc(C(=O)N(c3ccccc3)c3ccc([*])cc3)cc2O)cc1,True,True,False,525.3870239257812,527.1063842773438,526.2467041015625,525.3870239257812,527.1063842773438,1.7193603515625,multimodal,graph
60631,67199,[*]CC(CC)c1ccc(NC(=O)c2ccc(NC(=O)c3ccc(Cc4ccc(C([*])=O)cc4)cc3)cc2)cc1-c1ccccc1,True,True,False,531.1727905273438,520.5145263671875,525.8436584472656,520.5145263671875,531.1727905273438,10.65826416015625,multimodal,graph
64985,72034,[*]/C=C/C(=O)Nc1ccc(Oc2ccc(NC(=O)c3ccccc3C(=O)Nc3ccc(C([*])=O)cc3)cc2)cc1,True,True,False,523.6679077148438,526.1375122070312,524.9027099609375,523.6679077148438,526.1375122070312,2.4696044921875,multimodal,graph
60958,67558,[*]c1ccc(/C=C(\C)C(=O)NC(=O)c2ccc(C(=O)Nc3ccc(N([*])c4ccccc4)cc3)cc2)cc1,True,True,False,530.861328125,514.4815673828125,522.6714477539062,514.4815673828125,530.861328125,16.3797607421875,multimodal,graph
60244,66778,[*]C(=O)Oc1ccc(C(OC)c2ccc(N3C(=O)c4ccc([*])cc4C3=O)cc2)c(S(F)(F)F)c1,True,True,False,530.5906372070312,513.9957885742188,522.293212890625,513.9957885742188,530.5906372070312,16.5948486328125,multimodal,graph
60578,67142,[*]/C=C/c1ccc(NC(=O)c2c(C(=O)N[*])ccc(S(=O)(=O)c3ccc(C)cc3)c2C)cc1,True,True,False,525.488037109375,518.8844604492188,522.1862487792969,518.8844604492188,525.488037109375,6.60357666015625,multimodal,graph
63048,69889,[*]OC1=CC=C(C(=O)Nc2ccc(-c3ccc(CC([*])=O)cc3)cc2)CCCCCCC1,True,True,False,541.09326171875,501.8294677734375,521.4613647460938,501.8294677734375,541.09326171875,39.2637939453125,multimodal,graph
62470,69240,[*]Nc1ccc(Oc2ccc(P(C)(=O)c3ccc(C)c(NC(=O)c4ccc(C([*])=O)cc4)c3)cc2)cc1C,True,True,False,528.2178344726562,512.377685546875,520.2977600097656,512.377685546875,528.2178344726562,15.84014892578125,multimodal,graph
61916,68620,[*]NC=CC(=O)Nc1ccc(OC(=O)c2ccc(C(=O)NC3CC([*])NC(C)C3)cc2)cc1,True,True,False,530.9423217773438,507.76092529296875,519.3516235351562,507.76092529296875,530.9423217773438,23.181396484375,multimodal,graph
64833,71864,[*]/C=C/c1ccc(C(=O)Nc2ccc(-c3ccc([*])cc3)cc2)cc1,True,True,False,507.15057373046875,520.8497924804688,514.0001831054688,507.15057373046875,520.8497924804688,13.69921875,multimodal,graph
64070,71012,[*]NS(=O)(=O)c1ccccc1C(=O)Nc1ccc(NC(=O)c2ccc([*])cc2C)cc1,True,True,False,513.459228515625,512.1432495117188,512.8012390136719,512.1432495117188,513.459228515625,1.31597900390625,multimodal,graph
63141,69990,[*]Nc1cccc(Oc2ccc(N3C(=O)c4ccc([*])cc4C3=O)cc2)c1C(C)CC,True,True,False,516.8972778320312,503.3628234863281,510.1300506591797,503.3628234863281,516.8972778320312,13.534454345703125,multimodal,graph
64871,71907,[*]Cc1cc(OC)c(C(=O)Nc2ccc(NC(=O)c3ccc([*])cc3)cc2)cc1C(C)C#N,True,True,False,503.6439208984375,503.31890869140625,503.4814147949219,503.31890869140625,503.6439208984375,0.32501220703125,multimodal,graph
67285,74571,[*]c1ccc(C)c(C(=O)Nc2ccc(NC(=O)c3ccc([*])cc3)cc2)c1O,True,True,False,537.7703247070312,579.75048828125,558.7604064941406,537.7703247070312,579.75048828125,41.98016357421875,multimodal,graph
65075,72131,[*]c1ccc(CC(=O)Nc2ccc(C3(c4ccc([*])cc4)S(=O)(=O)C3O)cc2)cc1,True,True,False,529.103515625,564.75927734375,546.931396484375,529.103515625,564.75927734375,35.65576171875,multimodal,graph
65058,72114,[*]Oc1ccc(C(=S)c2ccc(N3C(=O)c4ccc([*])cc4C3)cc2)c(S(=O)(=O)Oc2ccccc2)c1,True,True,False,528.3286743164062,537.874267578125,533.1014709472656,528.3286743164062,537.874267578125,9.54559326171875,multimodal,graph
68186,75565,[*]Cc1cc(C#C)ccc1-c1ccc(NC(=O)c2ccc(C(F)(F)F)cc2)c([*])c1,True,True,False,506.75927734375,545.8894653320312,526.3243713378906,506.75927734375,545.8894653320312,39.13018798828125,multimodal,graph
69185,76673,[*]c1ccc(CNC(=O)Nc2ccc(S(=O)(=O)c3ccc(N4C(=O)c5ccc([*])cc5C4=O)cc3)cc2)c(C(C)(C)C)c1,True,True,False,527.625244140625,512.9229125976562,520.2740783691406,512.9229125976562,527.625244140625,14.70233154296875,multimodal,graph
65181,72251,[*]Oc1ccc(C(=O)NNC(=O)c2ccc(N3CCCC([*])(C3=O)c3ccccc3)cc2)cc1,True,True,False,516.5255126953125,518.475830078125,517.5006713867188,516.5255126953125,518.475830078125,1.9503173828125,multimodal,graph
67554,74874,[*]OC(=O)c1ccc2c(c1)C(=O)OCCCN([*])c1ccc(C#N)cc12,True,True,False,509.99725341796875,515.4475708007812,512.722412109375,509.99725341796875,515.4475708007812,5.4503173828125,multimodal,graph
66996,74258,[*]CNC(=O)c1ccc(C([*])=O)cc1,True,True,False,502.29180908203125,521.44873046875,511.8702697753906,502.29180908203125,521.44873046875,19.15692138671875,multimodal,graph
65049,72105,[*]Oc1ccc(C(=O)c2ccc(Cc3ccc(NC(=O)c4ccc([*])cc4)cc3)c(Cl)c2C)cc1,True,True,False,514.3687744140625,509.27789306640625,511.8233337402344,509.27789306640625,514.3687744140625,5.09088134765625,multimodal,graph
65127,72192,[*]NC(=O)c1ccc(C(=O)Nc2ccc(OCC=C)cc2)c(C([*])=O)c1,True,True,False,510.9529113769531,506.232666015625,508.59278869628906,506.232666015625,510.9529113769531,4.720245361328125,multimodal,graph
67712,75041,[*]Oc1ccc(C(=O)Nc2ccc(NC([*])=O)c(O)c2)cc1-c1ccccc1,True,True,False,505.39227294921875,509.8382873535156,507.6152801513672,505.39227294921875,509.8382873535156,4.446014404296875,multimodal,graph
69917,77491,[*]C(=O)c1ccc(CC(C)C)c(NC(=O)c2ccc(C([*])=O)cc2)c1,True,True,False,504.1922607421875,503.0039367675781,503.5980987548828,503.0039367675781,504.1922607421875,1.188323974609375,multimodal,graph
71970,79756,[*]Oc1ccc(/C=C/C(=O)Nc2ccc(Oc3ccc(N4C(=O)c5cccc([*])c5C4=O)cc3)cc2)c(O)c1,True,True,False,546.198486328125,538.4317016601562,542.3150939941406,538.4317016601562,546.198486328125,7.76678466796875,multimodal,graph
70857,78530,[*]Oc1ccc(S(=O)(=O)c2ccc(NC(=O)c3ccc([*])cc3)cc2)cc1OC,True,True,False,509.61614990234375,573.769287109375,541.6927185058594,509.61614990234375,573.769287109375,64.15313720703125,multimodal,graph
71317,79031,[*]c1ccc(Oc2ccc(C(=O)c3ccc(N4C(=O)c5ccc([*])cc5C4=O)cc3)cc2)cc1,True,True,False,547.8671875,524.3568725585938,536.1120300292969,524.3568725585938,547.8671875,23.51031494140625,multimodal,graph
74005,82022,[*]NC(=O)c1ccccc1/C=C/C(=O)Nc1ccc(-c2ccc(NC(=O)c3ccc(C([*])=O)cc3)c(Cl)c2)cc1,True,True,False,511.23248291015625,556.379150390625,533.8058166503906,511.23248291015625,556.379150390625,45.14666748046875,multimodal,graph
70144,77741,[*]Oc1ccc(C(=O)Nc2ccc(SC(=O)c3ccc([*])cc3)cc2O)cc1Br,True,True,False,528.062744140625,536.2802734375,532.1715087890625,528.062744140625,536.2802734375,8.217529296875,multimodal,graph
74209,82254,[*]c1ccc(C(=O)N(C)c2ccc([N+](=O)[O-])cc2)cc1-c1ccc(C(=O)Nc2ccc(C([*])=O)cc2)cc1,True,True,False,528.0023803710938,532.9462890625,530.4743347167969,528.0023803710938,532.9462890625,4.94390869140625,multimodal,graph
72885,80775,[*]Oc1ccc(NC(=O)c2cc(C)c([*])cc2[Si](C)(C)CCBr)cc1I,True,True,False,531.988525390625,527.3108520507812,529.6496887207031,527.3108520507812,531.988525390625,4.67767333984375,multimodal,graph
71897,79676,[*]Oc1ccc(C(=O)Nc2ccc(OC(=O)c3ccc(C([*])=O)cc3)c(C)c2)cc1Cl,True,True,False,509.7129211425781,548.859130859375,529.2860260009766,509.7129211425781,548.859130859375,39.146209716796875,multimodal,graph
74393,82463,[*]ONC(=O)c1ccc(Oc2ccc(NC(=O)c3ccc([*])cc3)cc2)cc1Cl,True,True,False,536.803955078125,519.9537963867188,528.3788757324219,519.9537963867188,536.803955078125,16.85015869140625,multimodal,graph
71052,78746,[*]Nc1ccc(C(=O)NNC(=O)c2ccc(S(=O)(=O)c3ccc(C(=O)Nc4ccc([*])cc4)cc3)cc2)c(C)c1,True,True,False,535.6092529296875,518.05029296875,526.8297729492188,518.05029296875,535.6092529296875,17.5589599609375,multimodal,graph
70715,78375,[*]Nc1ccc(NC(=O)c2cc(C=[*])cc(-c3ccccc3)c2)cc1Cl,True,True,False,515.350830078125,537.944580078125,526.647705078125,515.350830078125,537.944580078125,22.59375,multimodal,graph
74409,82483,[*]Nc1ccc(C(=O)Nc2ccc(C(C)(C)c3ccc(S([*])(=O)=O)cc3)cc2)c(-c2ccccc2)c1,True,True,False,545.79833984375,504.13568115234375,524.9670104980469,504.13568115234375,545.79833984375,41.66265869140625,multimodal,graph
71959,79745,[*]C(=O)Sc1ccc(Nc2ccc(N3C(=O)c4ccc([*])cc4C3=O)cc2)c(Br)c1,True,True,False,526.9735107421875,517.3245849609375,522.1490478515625,517.3245849609375,526.9735107421875,9.64892578125,multimodal,graph
73801,81787,[*]c1ccc(C([*])=O)c(Oc2ccc(S(=O)(=O)c3ccccc3)cc2)c1,True,True,False,539.514892578125,502.69024658203125,521.1025695800781,502.69024658203125,539.514892578125,36.82464599609375,multimodal,graph
70122,77717,[*]CC(O)COc1ccc(C(=O)Nc2ccc(C)c(N3C(=O)c4ccc([*])cc4C3=O)c2)c([N+](=O)[O-])c1,True,True,False,504.71826171875,534.2672729492188,519.4927673339844,504.71826171875,534.2672729492188,29.54901123046875,multimodal,graph
73851,81850,[*]NC(=O)c1ccc(-c2ccc([Si]([*])(C)C(=O)c3ccccc3)cc2)cc1,True,True,False,536.60693359375,500.0168151855469,518.3118743896484,500.0168151855469,536.60693359375,36.590118408203125,multimodal,graph
72835,80721,[*]Oc1ccc(NC(=O)c2cc(Cc3ccc(S([*])(=O)=O)cc3)cc(-c3ccccc3)c2)cc1-c1ccccc1,True,True,False,508.6487731933594,527.217529296875,517.9331512451172,508.6487731933594,527.217529296875,18.568756103515625,multimodal,graph
71568,79315,[*]NC(=O)c1ccc(C([*])=O)c(NC(=O)c2ccccc2[Si](C)(C)C)c1,True,True,False,527.6949462890625,502.5616455078125,515.1282958984375,502.5616455078125,527.6949462890625,25.13330078125,multimodal,graph
73114,81033,[*]c1ccc(S(=O)(=O)c2ccc(-c3ccc(OC)cc3)cc2)cc1[*],True,True,False,524.170654296875,506.05084228515625,515.1107482910156,506.05084228515625,524.170654296875,18.11981201171875,multimodal,graph
74939,83075,[*]/C=C/c1ccc(-c2ccc(C(=O)Nc3ccc(C=[*])cc3)cc2)c(F)c1C,True,True,False,513.6481323242188,508.3726501464844,511.01039123535156,508.3726501464844,513.6481323242188,5.275482177734375,multimodal,graph
73301,81238,[*]C1=CCCC(OC(=O)c2ccc(NC([*])=O)cc2)OC(=O)c1,True,True,False,518.856689453125,501.20428466796875,510.0304870605469,501.20428466796875,518.856689453125,17.65240478515625,multimodal,graph
73127,81047,[*]Oc1ccccc1NC(=O)c1cc(C([*])=O)c(C(F)(F)F)cc1,True,True,False,503.0591735839844,512.0670166015625,507.56309509277344,503.0591735839844,512.0670166015625,9.007843017578125,multimodal,graph
71974,79760,[*]/C=C/c1ccc(SC(=O)c2ccc(C(=O)Oc3ccc(C([*])=O)cc3)cc2)cc1,True,True,False,501.24176025390625,508.0556640625,504.6487121582031,501.24176025390625,508.0556640625,6.81390380859375,multimodal,graph
71649,79411,[*]Oc1cc(F)cc(C(=O)Nc2ccc([*])cc2)c1OC(C)=S,True,True,False,500.00811767578125,501.31524658203125,500.66168212890625,500.00811767578125,501.31524658203125,1.30712890625,multimodal,graph
79001,87587,[*]c1ccc(OC(=O)c2ccc(N3C(=O)c4ccc([*])cc4C3=O)c(C)c2)cc1,True,True,False,585.879150390625,611.3167724609375,598.5979614257812,585.879150390625,611.3167724609375,25.4376220703125,multimodal,graph
79249,87864,[*]Oc1ccc(OC(=O)c2ccc(-c3ccc(N4C(=O)c5ccc([*])cc5C4=O)cc3)cc2)cc1Br,True,True,False,572.0643310546875,585.0485229492188,578.5564270019531,572.0643310546875,585.0485229492188,12.98419189453125,multimodal,graph
75341,83518,[*]Oc1ccc2c(c1)c1cc([*])ccc1N2C(=O)c1ccc([Si](C)(C)CCCC)cc1,True,True,False,561.1746215820312,560.201416015625,560.6880187988281,560.201416015625,561.1746215820312,0.97320556640625,multimodal,graph
75486,83681,[*]C(=O)Nc1cc(OC)c(NC(=O)c2ccc(-c3ccc([*])cc3)cc2)c(S(=O)(=O)O)c1,True,True,False,570.7164306640625,549.0078735351562,559.8621520996094,549.0078735351562,570.7164306640625,21.70855712890625,multimodal,graph
79328,87953,[*]C(=O)c1ccc(-c2ccc(C3=CC(=O)N([*])C3=O)cc2)cc1,True,True,False,575.24267578125,538.870849609375,557.0567626953125,538.870849609375,575.24267578125,36.371826171875,multimodal,graph
79894,88595,[*]Cc1cc(C)c(NC(=O)c2ccc(C([*])=O)c(F)c2)cc1C,True,True,False,521.868408203125,586.1798095703125,554.0241088867188,521.868408203125,586.1798095703125,64.3114013671875,multimodal,graph
75999,84250,[*]Nc1ccc(-c2cc(C)c(OC(=O)c3ccc(C([*])=O)cc3)cc2)c(OC)c1,True,True,False,557.4073486328125,536.6673583984375,547.037353515625,536.6673583984375,557.4073486328125,20.739990234375,multimodal,graph
79425,88059,[*]C(=O)Nc1ccc([*])c2ccc(F)cc12,True,True,False,509.1357727050781,570.6134643554688,539.8746185302734,509.1357727050781,570.6134643554688,61.477691650390625,multimodal,graph
78548,87094,[*]C(=O)Nc1ccc(CCOC(=O)c2ccc(N3C(=O)c4ccc([*])cc4C3=O)cc2)cc1,True,True,False,545.5651245117188,531.2132568359375,538.3891906738281,531.2132568359375,545.5651245117188,14.35186767578125,multimodal,graph
78689,87246,[*]NC(=O)c1ccc(C(C)(C)C)c(-c2ccc([*])cc2)c1,True,True,False,518.1307373046875,552.8348388671875,535.4827880859375,518.1307373046875,552.8348388671875,34.7041015625,multimodal,graph
75797,84022,[*]c1ccc(/C=C/C(=N)c2ccc(-c3ccc(-c4ccc([*])cc4)cc3)cc2)c(Oc2ccccc2)c1,True,True,False,504.11114501953125,565.8275146484375,534.9693298339844,504.11114501953125,565.8275146484375,61.71636962890625,multimodal,graph
79505,88150,[*]c1ccc(C(=C)C=C(C)C(=O)Nc2ccc(N3C(=O)c4ccc([*])cc4C3=O)cc2)cc1,True,True,False,526.6475219726562,539.0801391601562,532.8638305664062,526.6475219726562,539.0801391601562,12.4326171875,multimodal,graph
77855,86319,[*]Oc1ccc(NC(=O)c2ccc(S(=O)(=O)Nc3ccc(C([*])=O)cc3)cc2)cc1,True,True,False,545.1638793945312,519.0995483398438,532.1317138671875,519.0995483398438,545.1638793945312,26.0643310546875,multimodal,graph
77736,86192,[*]Sc1ccc(C(=O)Nc2ccc(NC(=O)c3ccc([*])cc3)cc2)cc1CCCC,True,True,False,556.433837890625,503.33013916015625,529.8819885253906,503.33013916015625,556.433837890625,53.10369873046875,multimodal,graph
77062,85438,[*]Oc1ccc(C(=O)c2ccc(C(=O)Nc3ccc(S(=O)(=O)c4ccc(C([*])=O)cc4)cc3)cc2)cc1,True,True,False,550.942626953125,506.9618835449219,528.9522552490234,506.9618835449219,550.942626953125,43.980743408203125,multimodal,graph
76265,84555,[*]CC(=N)Cc1cc(C)c(N2C(=O)c3ccc([*])cc3C2C)cc1,True,True,False,506.0908203125,549.307861328125,527.6993408203125,506.0908203125,549.307861328125,43.217041015625,multimodal,graph
76346,84640,[*]NC(=O)c1ccc(C(=O)NC(C)C(C)(C)CNC(=O)c2ccc(-c3ccc([*])cc3)cc2)cc1,True,True,False,523.0128173828125,530.121826171875,526.5673217773438,523.0128173828125,530.121826171875,7.1090087890625,multimodal,graph
78085,86568,[*]C(=O)c1ccc(-c2ccc(N3C(=O)CCC([*])C3=O)cc2)cc1OC,True,True,False,514.3259887695312,538.5245971679688,526.42529296875,514.3259887695312,538.5245971679688,24.1986083984375,multimodal,graph
79097,87692,[*]Oc1ccc(C(=O)c2ccc(NC(=O)c3ccc(C=[*])cc3)c(C)c2)cc1Cl,True,True,False,513.8706665039062,532.6306762695312,523.2506713867188,513.8706665039062,532.6306762695312,18.760009765625,multimodal,graph
78169,86664,[*]/C=C/c1ccc(OC(=O)c2ccc(Nc3ccc(NC(=O)c4ccccc4)cc3)cc2)c([*])c1,True,True,False,509.5826416015625,528.372314453125,518.9774780273438,509.5826416015625,528.372314453125,18.7896728515625,multimodal,graph
79066,87660,[*]C(=O)Nc1ccc(S(=O)(=O)c2ccc(-c3ccc(C)cc3)c([*])c2)cc1N,True,True,False,521.1546020507812,513.177734375,517.1661682128906,513.177734375,521.1546020507812,7.97686767578125,multimodal,graph
78622,87173,[*]c1ccc(NC(=O)c2ccc(C(=O)N([*])C#N)cc2)cc1-c1ccc(C)cc1,True,True,False,520.9265747070312,509.34564208984375,515.1361083984375,509.34564208984375,520.9265747070312,11.5809326171875,multimodal,graph
77236,85628,[*]Nc1ccc(Cc2ccc(NC(=O)c3ccc(C([*])=O)cc3S(=O)(=O)Nc3ccc(C#N)cc3)cc2)cc1,True,True,False,527.337646484375,500.2625732421875,513.8001098632812,500.2625732421875,527.337646484375,27.0750732421875,multimodal,graph
77400,85809,[*]CCCCC(=O)Nc1ccc(Oc2ccc(C(=O)c3ccc(NC(=O)c4ccc(N5C(=O)c6ccc(C([*])=O)cc6C5=O)cc4)c(C)c3)cc2)cc1C(=O)O,True,True,False,510.14923095703125,516.704345703125,513.4267883300781,510.14923095703125,516.704345703125,6.55511474609375,multimodal,graph
78810,87377,[*]C(=O)c1ccc(NOC(C)=O)cc1-c1cccc(NC(=O)c2ccc([*])cc2)c1,True,True,False,519.3819580078125,503.74053955078125,511.5612487792969,503.74053955078125,519.3819580078125,15.64141845703125,multimodal,graph
79854,88547,[*]NNC(=O)c1ccc(Sc2ccc(C(=O)Nc3ccc(NC([*])=O)cc3)c(C(C)C)c2)cc1Cl,True,True,False,500.0888366699219,505.35693359375,502.72288513183594,500.0888366699219,505.35693359375,5.268096923828125,multimodal,graph
81473,90337,[*]Nc1ccc(NC(=O)c2ccc(N3C(=O)c4ccc(c(=O)c5ccc([*])cc5C4=O)cc3-c3ccccc3)cc2)cc1,True,True,False,574.2672729492188,590.6119384765625,582.4396057128906,574.2672729492188,590.6119384765625,16.34466552734375,multimodal,graph
80955,89775,[*]c1ccc(OCC(C)(C)c2ccc(N3C(=O)c4ccc(Oc5ccc(C([*])=O)cc5)c(=O)c4c3)cc2)cc1,True,True,False,575.6051025390625,575.7147216796875,575.659912109375,575.6051025390625,575.7147216796875,0.109619140625,multimodal,graph
83250,92305,[*]Oc1ccc(NC(=O)c2ccc(-c3ccc(C([*])=O)cc3)cc2)c(C2CCCS2)c1,True,True,False,515.6386108398438,572.0272216796875,543.8329162597656,515.6386108398438,572.0272216796875,56.38861083984375,multimodal,graph
83371,92439,[*]C(C#N)C(=O)Oc1ccc(NC(=O)c2ccc3c(c2)C(=O)N([*])C3=O)c(C)c1,True,True,False,558.736083984375,527.9679565429688,543.3520202636719,527.9679565429688,558.736083984375,30.76812744140625,multimodal,graph
80552,89332,[*]CCC(=O)Nc1ccc(-c2ccc(NC(=O)c3ccc(S([*])=O)cc3)cc2)cc1,True,True,False,514.0405883789062,569.372802734375,541.7066955566406,514.0405883789062,569.372802734375,55.33221435546875,multimodal,graph
81920,90840,[*]Nc1ccc2c(c1)C(=O)N(C(=O)Oc1ccc(-c3ccc(C([*])=O)cc3)cc1)C2=O,True,True,False,568.3569946289062,508.6919860839844,538.5244903564453,508.6919860839844,568.3569946289062,59.665008544921875,multimodal,graph
80339,89096,[*]C(=O)Nc1ccc(-c2ccc([*])cc2)c(-c2ccccc2)c1,True,True,False,519.1895141601562,549.3395385742188,534.2645263671875,519.1895141601562,549.3395385742188,30.1500244140625,multimodal,graph
82652,91639,[*]C=Cc1ccc(NC(=O)c2ccc(C(=O)N[*])c(-c3ccc(CC)cc3)c2)cc1,True,True,False,516.9873046875,545.3164672851562,531.1518859863281,516.9873046875,545.3164672851562,28.32916259765625,multimodal,graph
83370,92438,[*]/C=C/c1ccc(C(=O)NC(=O)c2ccc(NC(=O)c3ccc(S([*])(=O)=O)cc3)cc2)c(C)c1,True,True,False,531.7352294921875,526.1549072265625,528.945068359375,526.1549072265625,531.7352294921875,5.580322265625,multimodal,graph
80334,89090,[*]c1ccc(OC(=O)c2ccc(Cc3ccc(N4C(=O)c5ccc([*])cc5C4=O)cc3)cc2)c(C(C)(C)C(F)(F)F)c1,True,True,False,539.9725341796875,513.6492919921875,526.8109130859375,513.6492919921875,539.9725341796875,26.3232421875,multimodal,graph
82901,91918,[*]Oc1cc(NC(=O)c2ccc(Oc3ccc(S([*])(=O)=O)cc3)cc2)cc(NC(=O)c2ccccc2)n1,True,True,False,548.2119750976562,502.954345703125,525.5831604003906,502.954345703125,548.2119750976562,45.25762939453125,multimodal,graph
84474,93670,[*]Oc1ccc(C(=O)Nc2ccc(-c3cccc([*])c3)cc2S(=O)(=O)c2ccccc2)cc1,True,True,False,500.6377258300781,547.8955688476562,524.2666473388672,500.6377258300781,547.8955688476562,47.257843017578125,multimodal,graph
80781,89587,[*]c1ccc(C(C)(CC)c2ccc([*])cc2)c(C(C)(C)C)c1-c1ccccc1,True,True,False,507.3780517578125,539.4589233398438,523.4184875488281,507.3780517578125,539.4589233398438,32.08087158203125,multimodal,graph
83284,92343,[*]Oc1ccc(S(=O)(=O)c2cc(C)cc(NC(=O)c3ccc([*])cc3C)c2)cc1C(F)(F)F,True,True,False,516.9088745117188,525.5767822265625,521.2428283691406,516.9088745117188,525.5767822265625,8.66790771484375,multimodal,graph
82001,90933,[*]C(=O)Nc1ccc(OC(=O)c2ccc(C([*])=O)cc2)c(Br)c1,True,True,False,525.353759765625,516.8004760742188,521.0771179199219,516.8004760742188,525.353759765625,8.55328369140625,multimodal,graph
83776,92890,[*]C(=O)Nc1ccc(C(C)(C)c2cc(OC(=O)c3ccc([*])cc3)c(NC(=O)c3ccc(Br)cc3)cc2)cc1,True,True,False,505.7048645019531,531.005859375,518.3553619384766,505.7048645019531,531.005859375,25.300994873046875,multimodal,graph
83790,92904,[*]Sc1ccc(NC(=O)c2ccc(N)cc2)c([*])c1,True,True,False,512.910888671875,519.1196899414062,516.0152893066406,512.910888671875,519.1196899414062,6.20880126953125,multimodal,graph
83981,93110,[*]CC(=N)NSC(=O)c1ccc(NCC(=O)c2ccc(C([*])=O)cc2)cc1,True,True,False,528.5802001953125,503.26287841796875,515.9215393066406,503.26287841796875,528.5802001953125,25.31732177734375,multimodal,graph
83987,93118,[*]C=Nc1ccc(N=C(O)c2ccc(N3C(=O)c4ccc([*])cc4C3=O)cc2)c(C(F)(F)F)c1,True,True,False,511.57379150390625,516.6027221679688,514.0882568359375,511.57379150390625,516.6027221679688,5.0289306640625,multimodal,graph
81754,90654,[*]Oc1cc(C)c(NC(=O)c2ccc(Oc3ccc(-c4ccccc4)cc3)c([*])c2F)cc1,True,True,False,522.0036010742188,505.5425720214844,513.7730865478516,505.5425720214844,522.0036010742188,16.461029052734375,multimodal,graph
81575,90453,[*]NC(=O)c1cccc(C(=O)Oc2ccc(CNC(=O)c3ccc([*])cc3)cc2)c1,True,True,False,512.6809692382812,513.968505859375,513.3247375488281,512.6809692382812,513.968505859375,1.28753662109375,multimodal,graph
80700,89503,[*]CC(=O)NNC(=O)c1cccc(C(=O)NC([*])=O)c1,True,True,False,502.38922119140625,518.928466796875,510.6588439941406,502.38922119140625,518.928466796875,16.53924560546875,multimodal,graph
84210,93370,[*]Oc1c(C)cc(-c2ccc(/C=C/c3ccc(C([*])=O)cc3)cc2)cc1S(=O)(=O)O[Na],True,True,False,505.09521484375,515.9334106445312,510.5143127441406,505.09521484375,515.9334106445312,10.83819580078125,multimodal,graph
83276,92335,[*]Nc1ccc(-c2ccc(NC(=O)C(F)(F)C([*])(F)C(F)(F)F)cc2)c(F)c1Br,True,True,False,513.7478637695312,504.3006896972656,509.02427673339844,504.3006896972656,513.7478637695312,9.447174072265625,multimodal,graph
80939,89758,[*]Nc1ccc(/C(C#N)=C/c2ccc(Oc3nnc([*])c(C)c3)cc2)cc1,True,True,False,508.0660705566406,508.9736022949219,508.51983642578125,508.0660705566406,508.9736022949219,0.90753173828125,multimodal,graph
82715,91708,[*]c1cc(C)c(N2C(=O)OCCOCCN([*])C2=O)c(C(C)(C)C)c1,True,True,False,504.23883056640625,502.8878173828125,503.5633239746094,502.8878173828125,504.23883056640625,1.35101318359375,multimodal,graph
81450,90314,[*]Oc1ccc(Oc2ccc(/C=C(\O)c3ccc(C([*])=O)cc3)cc2)cc1Br,True,True,False,500.17132568359375,504.854248046875,502.5127868652344,500.17132568359375,504.854248046875,4.68292236328125,multimodal,graph
89748,99533,[*]c1ccccc1-c1cc(C)c(NC([*])=S)cc1Cl,True,True,False,571.6986694335938,502.6868896484375,537.1927795410156,502.6868896484375,571.6986694335938,69.01177978515625,multimodal,graph
86131,95527,[*]c1ccc(C(=O)Nc2ccc(Oc3c(C)cc(S([*])(=O)=O)cc3)cc2)c([N+](=O)[O-])c1,True,True,False,548.9525146484375,519.5841674804688,534.2683410644531,519.5841674804688,548.9525146484375,29.36834716796875,multimodal,graph
87996,97592,[*]c1cc(O)c(C=Cc2ccc(-c3ccc(S([*])(=O)=O)cc3)cc2)cc1-c1ccccc1,True,True,False,560.21630859375,507.3891296386719,533.8027191162109,507.3891296386719,560.21630859375,52.827178955078125,multimodal,graph
88102,97710,[*]C(=O)c1ccc(-c2ccc(S(=O)(=O)c3ccc([*])cc3)cc2)cc1,True,True,False,509.3345031738281,553.880859375,531.6076812744141,509.3345031738281,553.880859375,44.546356201171875,multimodal,graph
87944,97532,[*]CNc1ccc(-c2ccc(C(=O)NNC(=O)c3ccc(S([*])(=O)=O)cc3)c(Cl)c2)cc1OC,True,True,False,508.1756591796875,550.2236328125,529.1996459960938,508.1756591796875,550.2236328125,42.0479736328125,multimodal,graph
88951,98648,[*]c1ccc(C(=O)/C=C/c2ccc(C(C)(C)c3ccc(N4C(=O)c5ccc([*])cc5C4=O)cc3)cc2)c(-c2ccccc2)c1,True,True,False,526.987548828125,529.8253784179688,528.4064636230469,526.987548828125,529.8253784179688,2.83782958984375,multimodal,graph
88596,98253,[*]c1ccc(S(=O)(=O)c2ccc(Cc3ccc(C(=O)Nc4ccc(C=[*])cc4)cc3)cc2)c(I)c1,True,True,False,551.351806640625,503.3851013183594,527.3684539794922,503.3851013183594,551.351806640625,47.966705322265625,multimodal,graph
87007,96498,[*]Sc1ccc(CCC(=O)Nc2ccc(NC(=O)c3ccc(S(=O)(=O)c4ccc(NC(=O)c5ccc([*])cc5)cc4)cc3)c(O)c2)cc1,True,True,False,548.8195190429688,505.4105529785156,527.1150360107422,505.4105529785156,548.8195190429688,43.408966064453125,multimodal,graph
89471,99231,[*]=C(C)c1ccc(Oc2ccc(NC(=O)c3ccc(C(=O)Nc4ccc([*])cc4)cc3)cc2)cc1,True,True,False,541.5947265625,500.64215087890625,521.1184387207031,500.64215087890625,541.5947265625,40.95257568359375,multimodal,graph
89000,98702,[*]Nc1ccc(-c2ccc(C(c3ccccc3)(c3ccc([*])cc3)cc2)C(C)(C)C)cc1,True,True,False,539.727783203125,501.80096435546875,520.7643737792969,501.80096435546875,539.727783203125,37.92681884765625,multimodal,graph
89495,99257,[*]NC(=O)c1c(C)cc(/C=C/c2ccc([*])cc2)cc1-c1cccc([2H])c1,True,True,False,523.8956298828125,507.7308044433594,515.8132171630859,507.7308044433594,523.8956298828125,16.164825439453125,multimodal,graph
89130,98852,[*]Oc1c(C)cc(C(=O)c2ccc(-c3ccc(-c4ccc(C([*])=O)cc4C)cc3)cc2)cc1-c1ccc(C)c(C)c1C,True,True,False,524.401611328125,503.943115234375,514.17236328125,503.943115234375,524.401611328125,20.45849609375,multimodal,graph
89559,99327,[*]Oc1ccc(Oc2ccc(C(=O)c3ccc(C)cc3-c3ccc(NC(=O)c4ccc([*])cc4)cc3)cc2)cc1,True,True,False,519.1644897460938,508.19732666015625,513.680908203125,508.19732666015625,519.1644897460938,10.9671630859375,multimodal,graph
89446,99201,[*]Oc1ccc(C(C)(C)c2ccc(S(=O)(=O)c3ccc(-c4ccc([*])cc4)cc3)cc2)c([2H])c1,True,True,False,514.6550903320312,512.3612060546875,513.5081481933594,512.3612060546875,514.6550903320312,2.29388427734375,multimodal,graph
93341,103516,[*]Cc1cc(C)c(NC(=O)c2ccc(-c3ccc(C([*])=O)cc3)c(S)c2)cc1C,True,True,False,554.6318969726562,566.5916748046875,560.6117858886719,554.6318969726562,566.5916748046875,11.95977783203125,multimodal,graph
92936,103066,[*]C(=O)c1ccc(NC(=O)c2ccc(Br)cc2)cc1-c1ccc(C(=O)Nc2ccc(C([*])=O)cc2)cc1,True,True,False,523.5719604492188,590.6514892578125,557.1117248535156,523.5719604492188,590.6514892578125,67.07952880859375,multimodal,graph
93320,103491,[*]c1ccc(C(=O)O)cc1N1C(=O)CCCCC(c2ccc3c(c2)C(=O)N([*])C3=O)Cc1S(=O)(=O)O,True,True,False,564.77197265625,548.0120849609375,556.3920288085938,548.0120849609375,564.77197265625,16.7598876953125,multimodal,graph
92109,102140,[*]Nc1ccc(-c2ccc(C(=O)Nc3ccc(NC(=S)c4ccc([*])cc4)c(S(=O)(=O)O)c3)cc2)cc1C,True,True,False,551.5035400390625,534.7572021484375,543.13037109375,534.7572021484375,551.5035400390625,16.746337890625,multimodal,graph
90822,100717,[*]Nc1cc(C(=O)OCCC)c(N2C(=O)c3ccc(C(=O)Nc4cccc(N5C(=O)c6ccc([*])cc6C5=O)c4)cc3C2=O)cc1C,True,True,False,523.8131103515625,550.66455078125,537.2388305664062,523.8131103515625,550.66455078125,26.8514404296875,multimodal,graph
91143,101076,[*]ONC(=O)c1ccc(C(C)(C)c2ccc(C(=O)NC(=O)c3ccc([*])cc3)cc2)cc1,True,True,False,542.9510498046875,512.5767822265625,527.763916015625,512.5767822265625,542.9510498046875,30.374267578125,multimodal,graph
92971,103105,[*]Cc1ccc(NC(=S)c2cc(NC(=O)c3ccc(C(=O)O[*])cc3)ccc2)c(S(=O)(=O)c2ccc([N+](=O)[O-])cc2)c1,True,True,False,526.30810546875,526.953125,526.630615234375,526.30810546875,526.953125,0.64501953125,multimodal,graph
94578,104884,[*]Oc1c(C)cc(OC(=O)c2ccc(N3CCCCCC3)cc2)cc1-c1ccc(S([*])(=O)=O)cc1,True,True,False,547.8974609375,503.6433410644531,525.7704010009766,503.6433410644531,547.8974609375,44.254119873046875,multimodal,graph
90037,99857,[*]c1cc(Br)c(-c2ccc(N3C(=O)c4ccc([*])cc4C3=O)cc2)cc1Oc1cccc(C(C)(C)C)c1,True,True,False,506.37542724609375,544.203857421875,525.2896423339844,506.37542724609375,544.203857421875,37.82843017578125,multimodal,graph
92832,102954,[*]Oc1ccc(NC(=O)c2ccc(-c3ccc(S(=O)(=O)Nc4ccc([*])cc4)cc3)c(Oc3ccccc3)c2)cc1,True,True,False,510.64141845703125,538.1795654296875,524.4104919433594,510.64141845703125,538.1795654296875,27.53814697265625,multimodal,graph
90644,100524,[*]Oc1ccc(CC(=O)NNC(=O)c2ccc(-c3cc(C)cc(NC([*])=S)c3)cc2)cc1,True,True,False,509.37847900390625,536.0584106445312,522.7184448242188,509.37847900390625,536.0584106445312,26.679931640625,multimodal,graph
90916,100820,[*]c1ccc2c(c1)C(c1ccc(-c3cccc([Si]([*])(C)c4ccccc4)c3)cc1OC)C2=O,True,True,False,526.3395385742188,506.0013427734375,516.1704406738281,506.0013427734375,526.3395385742188,20.33819580078125,multimodal,graph
90064,99885,[*]C(=O)c1ccc(NC(=O)c2ccc(C(=O)NNC(=O)CCO[*])cc2)cc1,True,True,False,510.3268737792969,516.7351684570312,513.5310211181641,510.3268737792969,516.7351684570312,6.408294677734375,multimodal,graph
90046,99867,[*]C#Cc1ccc(-c2ccc(OC(=O)c3ccc([*])cc3)cc2)c(Cl)c1O,True,True,False,518.5206909179688,503.6087341308594,511.06471252441406,503.6087341308594,518.5206909179688,14.911956787109375,multimodal,graph
94223,104496,[*]C(=O)Oc1ccc(CCCC(=O)Nc2ccc(N3C(=O)c4ccc([*])cc4C3=O)cc2)cc1,True,True,False,507.81951904296875,506.6142272949219,507.2168731689453,506.6142272949219,507.81951904296875,1.205291748046875,multimodal,graph
96413,106934,[*]NC(=O)c1c(Cl)cc(-c2ccc(S([*])(=O)=O)cc2)cc1C(=O)NN,True,True,False,612.9593505859375,559.9799194335938,586.4696350097656,559.9799194335938,612.9593505859375,52.97943115234375,multimodal,graph
95400,105808,[*]OC(=O)c1ccc(C(=O)Nc2ccc(N3C(=O)c4ccc([*])cc4C3=O)c(Cl)c2)cc1,True,True,False,553.9533081054688,581.022705078125,567.4880065917969,553.9533081054688,581.022705078125,27.06939697265625,multimodal,graph
97570,108214,[*]c1cc(O)c(Cl)c(-c2ccc(C(=O)NNC(=O)c3ccc(S([*])(=O)=O)cc3)c(-c3ccccc3)c2)c1C(C)C,True,True,False,558.91552734375,546.4230346679688,552.6692810058594,546.4230346679688,558.91552734375,12.49249267578125,multimodal,graph
99657,110532,[*]/C=C/c1ccc(-c2ccc3c(c2)C(=O)N([*])C3=S)cc1,True,True,False,521.4837036132812,574.4290771484375,547.9563903808594,521.4837036132812,574.4290771484375,52.94537353515625,multimodal,graph
98043,108749,[*]Oc1cc(NC(=O)c2ccc([*])cc2)c(OC)cc1N,True,True,False,510.5097351074219,583.0547485351562,546.7822418212891,510.5097351074219,583.0547485351562,72.54501342773438,multimodal,graph
96292,106796,[*]Oc1ccc(C(=O)Nc2ccc(NC(=O)c3ccccc3)cc2)cc1-c1ccccc1[*],True,True,False,528.1297607421875,562.4215087890625,545.275634765625,528.1297607421875,562.4215087890625,34.291748046875,multimodal,graph
98645,109396,[*]Nc1cc(NC(=O)c2ccc(Cc3ccc([*])cc3)c(C)c2)ccc1S(=O)(=O)O,True,True,False,552.254150390625,527.4993286132812,539.8767395019531,527.4993286132812,552.254150390625,24.75482177734375,multimodal,graph
96531,107065,[*]Oc1ccc(NC(=O)c2ccc(C(=O)Nc3ccc(C([*])=O)cc3)cc2)c(C)c1CC,True,True,False,519.7229614257812,556.6365356445312,538.1797485351562,519.7229614257812,556.6365356445312,36.91357421875,multimodal,graph
99551,110410,[*]Oc1cc(Br)cc(C(=O)Nc2ccc([*])cc2)c1C,True,True,False,518.9075317382812,542.424072265625,530.6658020019531,518.9075317382812,542.424072265625,23.51654052734375,multimodal,graph
95837,106292,[*]CCNC(=O)c1ccc(Oc2ccc(C(=O)Nc3ccc(N[*])cc3)cc2)c(-c2ccccc2)c1,True,True,False,531.1882934570312,524.504638671875,527.8464660644531,524.504638671875,531.1882934570312,6.68365478515625,multimodal,graph
95723,106164,[*]C(C)C(NC(=O)c1ccc(C#Cc2ccc(-c3ccc([*])cc3)cc2)cc1)c1ccccc1,True,True,False,512.834716796875,537.782470703125,525.30859375,512.834716796875,537.782470703125,24.94775390625,multimodal,graph
96040,106519,[*]=Nc1ccc(NC(=O)c2ccc(Nc3ccccc3C(=O)Nc3ccc(S([*])(=O)=O)c(C)c3)cc2N)cc1,True,True,False,522.887939453125,523.084228515625,522.986083984375,522.887939453125,523.084228515625,0.1962890625,multimodal,graph
99566,110427,[*]NC(=O)c1cc([*])c(C#Cc2ccccc2)cc1C(C)(C)C,True,True,False,530.5952758789062,514.317138671875,522.4562072753906,514.317138671875,530.5952758789062,16.27813720703125,multimodal,graph
99713,110591,[*]Oc1ccc(NC(=O)c2ccc(C(=O)NNC(=O)c3ccc([*])cc3)cc2)cc1-c1ccccc1,True,True,False,530.8834228515625,511.1197204589844,521.0015716552734,511.1197204589844,530.8834228515625,19.763702392578125,multimodal,graph
99876,110784,[*]C(=O)c1cccc(N2CCC(NC([*])=O)CC=CC2(C)C)c1C(F)(F)F,True,True,False,522.7401123046875,504.5500793457031,513.6450958251953,504.5500793457031,522.7401123046875,18.190032958984375,multimodal,graph
98278,109003,[*]CC(=O)Nc1ccc(CCc2ccc(N3C(=O)c4ccc(O[*])cc4C3=O)cc2)cc1,True,True,False,501.9552001953125,519.2766723632812,510.6159362792969,501.9552001953125,519.2766723632812,17.32147216796875,multimodal,graph
97097,107686,[*]CC=CCCCC(=O)Nc1ccc(NC(=O)c2ccc(C([*])=O)cc2)cc1,True,True,False,516.3729858398438,503.525146484375,509.9490661621094,503.525146484375,516.3729858398438,12.84783935546875,multimodal,graph
98164,108877,[*]Oc1ccc(NC(=O)/C=C/C(=O)Nc2ccc([*])cc2C)cc1-c1ccccc1,True,True,False,504.3216552734375,512.7507934570312,508.5362243652344,504.3216552734375,512.7507934570312,8.42913818359375,multimodal,graph
99949,110868,[*]Nc1cc(C(=O)Nc2ccc(S(=O)(=O)c3ccc(C#N)cc3)cc2)ccc1[*],True,True,False,504.98187255859375,512.0654907226562,508.523681640625,504.98187255859375,512.0654907226562,7.0836181640625,multimodal,graph
98232,108953,[*]Oc1ccc(C(c2ccc(NC(=O)c3ccc(C(F)(F)F)cc3)cc2)c2ccc(C([*])=NNF)cc2)cc1,True,True,False,508.009521484375,500.1413879394531,504.07545471191406,500.1413879394531,508.009521484375,7.868133544921875,multimodal,graph
6641,7321,[*]c1ccc2c(c1)C(=O)N(c1ccc(C(=O)c3cc([*])c(C(F)(F)F)cc3)c(O)c2)cc1,True,True,False,603.0752563476562,612.0633544921875,607.5693054199219,603.0752563476562,612.0633544921875,8.98809814453125,multimodal,graph
46162,51120,[*]c1ccc2c(c1)C(=O)N(C)c1ccc(C([*])=O)cc1-2,True,True,False,609.32568359375,608.6929321289062,609.0093078613281,608.6929321289062,609.32568359375,0.63275146484375,multimodal,graph